,,,"Final Project, Chat App (out of 121 replies, 130 students)",,,,,,,,,,,,,,,,,,,,,,
Timestamp,How many coding-focused classes had you taken before college?,How many coding-focused classes had you taken IN COLLEGE before INFO 330?,Engagement & authenticity [This project felt like a real‑world scenario.],Engagement & authenticity [I was motivated to make the app work.],Engagement & authenticity [The chat app context made database work feel relevant.],Learning process & self‑efficacy [The project was challenging in a productive way.],Learning process & self‑efficacy [The project let me make decisions rather than just follow steps.],Learning process & self‑efficacy [I can explain how constraints improve data quality.],Learning process & self‑efficacy [I can design tables and keys for a new app feature.],Learning process & self‑efficacy [I can debug SQL by comparing expected vs. actual outputs.],Learning process & self‑efficacy [I could apply what I learned in this project to a different app or database scenario.],Learning process & self‑efficacy [The project activities matched what I was expected to learn in the course.],Learning process & self‑efficacy [I became more comfortable working through open-ended requirements.],Tool/feedback usefulness [The SQL Lab feedback helped me identify what to fix.],Tool/feedback usefulness [Progress indicators helped my team plan work.],Tool/feedback usefulness [I can debug SQL by comparing expected vs. actual outputs.],Cognitive load / friction [The technical setup (VPN/pgAdmin/login) was easy to navigate.],"Cognitive load / friction [After Milestone 1, most of my effort went into SQL, not tool setup.]",Team/coordination [The milestone pacing helped our team stay on track.],"How many hours, on average, did you spend on each of Milestones 1-5?","
Describe a moment when the tool helped you understand SQL or schema design.","What was the most frustrating part, and why?",What is something you learned through this project that you didn't expect to?,"Would you have preferred to do this project individually? Yes / No, why?","Moving forward, many sections of INFO 330 will be going through a version of this project at the Information School. If you had to send them a message about how to better engage with the project, what would you want them to know?"
3/12/2026 23:16:10,0,5,Agree,Agree,Strongly Agree,Strongly Agree,Neutral,Agree,Agree,Agree,Agree,Agree,Agree,Strongly Agree,Strongly Agree,Strongly Agree,Strongly Agree,Strongly Agree,Strongly Agree,1-3,"one moment where the tool helped me understand SQL or schema design is having the ""SQL backend lab"" to see all the ""behind the scenes"" work. It helps to know what went wrong and what needs to be fixed.","i think starting off, this is my first introduction to sql and using other platforms other than R or VScode","something I didn't expect to learn was how different software tools all work in a similar way. Once you learn one, it becomes much easier to understand and navigate the next one.","yes and no, i wouldve been able to do this individually with no problem but i had a good and hardworking team who made this project flow smoothly and with an incredible amount of support.","one thing i would want them to know is that communication is key when working with your group! It is also very important to make sure you read and understand every step, because missing just one will be very hard to recover from."
3/12/2026 23:25:36,3,2,Strongly Agree,Agree,Agree,Strongly Agree,Neutral,Strongly Agree,Strongly Agree,Strongly Agree,Strongly Agree,Strongly Agree,Agree,Neutral,Agree,Agree,Agree,Agree,Strongly Agree,3,Let me know that my syntax was wrong and that I needed either a select statement or that the parameters did not work for the functions I was trying to to the SQL Backend Lab. What was also usefull is seeing how it showed the prior inputs you have for that parameter.  ,At times the sql statements would not save resetting progess and causing me to have to copy and paste them all over again. Also connection to the database and synchronization with the VPN was hit or miss. ,I learned about data modeling specifically through ERD's which was super fun. Learning about designing and cardinality was useful and became very challening when actually creating the tables to fit those guidlines in the model. ,No I enjoyed splitting the workload and sharing ideas with the teammate. I also feel like to do this project individually is too much workload. , Make sure to tinker around with the fully functioning demo project to better understand how you will design your database to meet its needs. With milestone one I first struggled with creating the ERD as it was confusing deciding how the cardinality should work but through actually using the fully functioning demo I was able to connect the dots. 
3/12/2026 23:59:59,2,8,Agree,Neutral,Agree,Agree,Agree,Agree,Strongly Agree,Neutral,Agree,Agree,Neutral,Strongly Disagree,Disagree,Neutral,Neutral,Neutral,Strongly Agree,5-10,"Using the frontend chatbox website helped me better understand SQL and schema design because it made the database feel connected to a real application. Instead of only writing queries and tables in isolation, we could see how the data we created was actually used by the app. For example, when messages were sent in the chat interface, they immediately appeared in the database tables. This helped me understand how the messages, channels, and channel_members tables were related and why certain columns were necessary. Seeing the app first retrieve data and the SQL backend actually save it allowed my team to fully understand what was going on. The chatbox website was especially helpful was when thinking about schema design for messages and channels. By interacting with the frontend, it became easier to see why channel_members needed to be a whole different table outside of just the need for normalization. This also helped reinforce the idea of using foreign keys as primary keys like username and channel_name to link tables together. It also helped me understand why queries needed to join multiple tables in order to answer questions about activity or interactions.","I would say the most frustrating part would usually be trying to figure out what the actual assignment was asking of us. The set up would be pretty unorganized, or atleast for a student to look at, which made it hard to figure out what exactly needed to be done and how.","I learned that when split up into small parts, creating a database does not need to be so highly difficult. Though I understand this is a low-level of what happens in the real world, I honestly anticipated the project to be much more difficult than it actually was. ","No, with a group of 3 I think the project was easy to get down, split the work, and understand the requirements/how to do parts by talking it through. You also create a specific time at which you will work on the class work.","Make the milestone better to read and easy to understand to ensure students will be less confused about project work. Also, make the SQL Backend Lab a bit more easy to understand as well because I think when work looks confusing it becomes discouraging to students which I know happened to me and my group however if there was more context as to what was going on with both the milestone and on the lab description it would be very helpful. "
3/13/2026 0:30:52,1,2,Agree,Strongly Agree,Strongly Agree,Agree,Agree,Agree,Agree,Agree,Strongly Agree,Agree,Strongly Agree,Strongly Agree,Strongly Agree,Strongly Agree,Agree,Agree,Agree,4 hours,"My most profound realization about PostgreSQL came when executing JOIN queries across multiple tables in a database. Having had little exposure to programming concepts before, I was genuinely curious about how to select and connect different tables.","When a database schema contains numerous tables and relationships, it can easily become confusing. Debugging SQL queries proved frustrating as errors kept appearing repeatedly, and I grew increasingly concerned that modifying the errors might also impact the data content.","The crucial role played by concepts such as primary keys, foreign keys, and normalization. I used to think SQL was primarily about writing queries. But the reality is more complex than that. Although they belong to the same entity when drawing ERDs, differences in primary keys and other aspects significantly impact queries.","No, team work can give me more chance to discuss and share my ideas.","Start thinking about the schema design early and not wait until the SQL part of the project. If issues arise in the initial schema design, they will lead to greater difficulties later on. For example, ambiguous relationships or missing keys. Designing the schema correctly from the start makes writing queries much easier. Just like our team, when we designed Milestone 1, we made the wrong choice for the primary key, which caused frequent problems later on. We had to go back to Milestone 1 to make revisions and debug everything that followed, significantly increasing our workload. Therefore, initial decisions become even more critical."
3/13/2026 1:13:56,"one, but I failed on that class, C++ is so hard :(",four,Strongly Agree,Agree,Strongly Agree,Agree,Strongly Agree,Agree,Agree,Agree,Strongly Agree,Agree,Agree,Strongly Agree,Strongly Agree,Strongly Agree,Agree,Agree,Strongly Agree,3-5,"When in class, the professor taught us about in what circumstances would the query not work or have an error, although I put effort on listening, it's still not clear for me, but when I try different code in pgAdmin and see the result, I got a better understanding on why or what happened to the query. ","To me the frustrating part has nothing to do with the course material or coding, it's more of my setup problem, everytime when I was using pgAdmin, when I wrote the code, it needed 3 second to load on the screen and that really distract me on writing code on it, and the run query also spent a lot of time producing(I got a potato PC).","Something that i didn't expect to learn throught the project is the mindset of setting a database, I thought I would be just writing what ever the instruction told me to do and try it till I worked it out. But since the project have a lot of room to strech, it lead me to think about how I want to set the database, what variable, PK and FK I want to have, also the constraint I need, etc. ","I won't because some of the milestone does take a lot of time doing so if individual, the workload would be quite big. Also by doing in a team, we can discuss about the query, like how to improve it? What's the problem with the query? etc. ","I would want to tell them to listen closely in the lab session, because it really gives a lot of useful information on the project. On top of that, don't be afraid to ask your teammates, sometimes when you don't understand the concept, they can provide help with it."
3/13/2026 1:34:14,0,4,Agree,Agree,Agree,Agree,Agree,Agree,Agree,Agree,Agree,Agree,Agree,Agree,Agree,Agree,Agree,Agree,Agree,2-3,"One moment when the tool helped me understand SQL and schema design was when I was working on queries that counted messages per channel and per user. By looking at how the tables were connected through keys like user_id and channel_id, I better understood how joins work and why relationships between tables are important in a database schema. It helped me see how a well-designed schema makes it much easier to write queries and retrieve meaningful information from the data.","The most frustrating part was figuring out why some of my SQL queries were returning incorrect counts or unexpected results. It was often confusing to determine whether the issue was coming from the query itself, the joins between tables, or the way the schema was structured. Debugging these problems took time because small mistakes, like grouping by the wrong column or misunderstanding a relationship between tables, could completely change the output.","One thing I learned that I didn’t expect was how important database schema design is for writing efficient SQL queries. I realized that if tables and relationships are structured clearly with proper keys, queries become much easier to write and understand. Before this project, I mostly thought SQL was just about writing commands, but I learned that the underlying schema plays a huge role in how well a database works.","No, I would not have preferred to do this project individually because working in a team made it easier to solve problems and debug SQL queries together. When someone was stuck on a query or schema design issue, another teammate could help explain or suggest a different approach. Collaborating also helped us catch mistakes faster and learn from each other’s ideas.","Start by really understanding the schema and relationships between tables, because once you know how the data is connected, writing the SQL queries becomes much easier.Also, don’t be afraid to test small queries and debug step by step, because breaking the problem into smaller parts makes complex SQL much easier to understand."
3/13/2026 1:48:12,2,3,Strongly Agree,Strongly Agree,Strongly Agree,Strongly Agree,Neutral,Neutral,Agree,Agree,Agree,Agree,Agree,Strongly Agree,Strongly Agree,Strongly Agree,Neutral,Strongly Agree,Agree,13,"The SQL Lab Tab progress tracker helped me visualize and understand what I was still struggling with, and which concepts I had mastered. Additionally, this helped me understand what the end goal of the schema was, helping me better understand the schema design, allowing me to work to acheive it as best as I could.","The milestone grading felt very strict sometimes. I felt worried after my team scored very low on the first milestone and my grade for this class remained super low for a long time. I felt like some scoring parts were impossible to ""perfect"", for example, I feel like my team lost points for the team reflection many times, and I had a hard time understanding why.","I didn't expect to learn the importance of planning large deliverables (like the milestones) in advance. Especially in a group setting, when things got put off to the last minute, our team really struggled on submitting quality products. We learned the importance of dividing and planning in a group setting.",No. I think this was a good learning experience about how to work with people who had different work habits as me.,"I would recommend that teams make a strong schedule and plan how they will divide their work before starting each milestone. Also, I would ask that they trust the process, and trust that all the milestones will lead them to success if done as planned."
3/13/2026 1:54:18,0,2,Strongly Agree,Agree,Strongly Agree,Agree,Strongly Agree,Strongly Agree,Agree,Agree,Agree,Agree,Agree,Strongly Agree,Strongly Agree,Agree,Neutral,Agree,Strongly Agree,2.5,"One moment, the tool helped me understand SQL during our chat app database project. While creating tables and writing queries, I used it to check my SQL syntax and relationships between tables. It helped me better understand how foreign keys connect tables and why schema design is important for organizing data correctly.","The most frustrating part was debugging SQL queries when small mistakes, like typos or incorrect joins, caused errors. It was frustrating at times, but it helped me learn to check my queries more carefully.",I learned how important small details are in database design. Even a small mistake in a column name can cause the system to not work.,No. Working in a group helped because we could help each other when something wasn’t working and share ideas when solving problems.,"Start early and test your SQL queries often. Small mistakes can cause things to break, so it helps to check your work step by step. I would also say to always stay in communication with your group because it makes the project much easier. When everyone shares updates and helps solve problems together, things move a lot smoother."
3/13/2026 1:55:43,none,7 or 8 classes,Agree,Agree,Agree,Agree,Agree,Agree,Agree,Neutral,Agree,Agree,Agree,Agree,Agree,Agree,Agree,Agree,Agree,4,If tool as in the feedback from the professor or TA was useful and helpful to understand what went wrong. The lecture notes are also helpful and labs as well. I was confused about something and its easy to recall through that. ,"I think one pain point is sometimes the feedback is a little confusing, and we think we corrected something but we didn't.","I actually had so much fun when the chat box worked, it was a good incentive to pass the SQL lab. I really enjoyed working through those problems and having it be interactive while writing to code it helped me learn a lot. ","I dont think I would, my team needed a lot of guidance and it's exhausting when i did have to carry, but i still would prefer to do it with a group than on my own because it was heavy content","I really like the SQL lab. For me the concept of having to pass the queries and checking back on a UI was engaging and kept me locked in. I think that really helped a lot with the learning process. It's always hard working in a team, so I guess maybe finding a way to hold other students accountable? "
3/13/2026 2:48:50,nothing,5,Strongly Agree,Strongly Agree,Agree,Agree,Agree,Agree,Agree,Agree,Agree,Agree,Agree,Agree,Agree,Agree,Strongly Agree,Strongly Agree,Agree,3,"During Milestone 5, the tool helped me better understand how SQL queries connect to real-life scenarios. Instead of only writing simple queries, we had to think about how messages, users, and channels relate to each other in a real chat system. This helped me understand why joins, grouping, and window functions are useful. Seeing how the queries worked with actual data made the concepts of SQL and schema design much clearer for me.","The most frustrating part was getting started with the SQL chat lab. At the beginning, it was confusing to understand the structure of the tables and how they were related. I also struggled with knowing where to start when writing the queries. Once I understood the schema and relationships between the tables, it became much easier to write the SQL queries.","One thing I didn’t expect to learn from this project was how important the structure of a database is for writing SQL queries. At first I thought SQL was mostly about syntax, but during this project I realized that understanding the relationships between tables is just as important. Knowing how the schema is designed makes it much easier to write correct queries.","I would prefer to do this project individually because it helps maintain consistency in the work and allows me to move at my own pace without waiting for teammates. Also, when the work is divided among group members, I sometimes miss the opportunity to fully learn all parts of the project.",I would suggest that students first learn the basic structure of SQL and understand where the data comes from in the database. It is also important to focus on the logic behind SQL queries instead of only memorizing the syntax. Understanding the logic of SQL will make it much easier to complete the project.
3/13/2026 3:02:57,one about python,4,Strongly Agree,Strongly Agree,Strongly Agree,Strongly Agree,Strongly Agree,Strongly Agree,Strongly Agree,Strongly Agree,Strongly Agree,Strongly Agree,Strongly Agree,Strongly Agree,Strongly Agree,Strongly Agree,Strongly Agree,Strongly Agree,Strongly Agree,"i can't remember, but i spent a lot of time on it. Like 4-5 hours on average. ","One moment was when we were testing queries in the app and something did not work correctly. We checked the tables and realized the foreign key relationship was wrong. After fixing it, the query worked. That moment helped me understand how important schema design and table relationships are for SQL queries.","The most frustrating part was debugging SQL queries. Sometimes the query looked correct but still did not return the expected result. Small mistakes like joins, column names, or grouping could cause problems. It often took time to check the data and find where the issue was.","I did not expect to learn how databases support a real application. Before this class, SQL felt more like practice exercises. Through this project I saw how tables, queries, and relationships work together to power features like messaging and channels in an app.","No, I think working in a group was helpful. Different people in the team understood different parts of the project. When someone got stuck with SQL or schema design, another person could help. It also made the workload more manageable across the milestones.","Start the milestones early and test your queries often. Small mistakes can take a lot of time to debug, so it helps to run queries step by step. Also check your schema carefully because table relationships affect many queries later in the project."
3/13/2026 3:09:49,2,4,Strongly Agree,Neutral,Strongly Agree,Agree,Strongly Disagree,Agree,Agree,Agree,Agree,Agree,Disagree,Neutral,Strongly Disagree,Agree,Disagree,Agree,Agree,8,I assume we're talking about the tool in pgadmin that identified issues. I guess it was helpful in the same way a regular code compiler does?  I'm not sure what really differed between it and a typical code compiler. ,"I found the course to be very disorganized, particularly the lectures. The way things are explained/described is as if we should just magically understand what's being talked about, and I felt a sense of frustration when students weren't able to grasp concepts that they'd just learned. ","I learned that I don't want to pursue the data science track in Informatics. I think databases and all this are really interesting, but I realize I much prefer design work. I plan on adjusting my trajectory at UW accordingly. ",No. This was my first experience with SQL and working with others was really helpful.,"Get a really good group and expect to spend way more time than you think you'll need on milestones. 

I don't have any other feedback that I can write to get to 200 characters, not totally sure what else to say."
3/13/2026 3:11:58,0,4,Agree,Agree,Agree,Agree,Neutral,Agree,Agree,Agree,Agree,Agree,Agree,Agree,Agree,Agree,Neutral,Agree,Agree,4,"I loved when pgadmin would give you the errors and what line they would occur, most of my errors came from spelling so pointing out what line and what piece of code it was helped. erd diagrams were also helpful once i understood how to do them for desiging db","connecting to the pgadmin, i had a bunch of issues with the servers and vpn that happened mid quarter and it was difficult to navigate","i am suprised i learned how to set up a working database, i thought we would just be learning the code and not setting up working systems.",no- i did have some issues with my group and overall collaboration but i would not have liked to have done this indivudally as I believe it would have been harder in the long run,"starting sooner in the quarter to be more spaced out. the milestones towards the end felt rushed and it felt difficult to do. i wish the midterm was done earlier or was graded faster, ending the quarter without having a midterm grade out yet is diffcult."
3/13/2026 4:17:47,0,4,Neutral,Neutral,Agree,Agree,Neutral,Neutral,Agree,Agree,Agree,Agree,Neutral,Neutral,Neutral,Agree,Agree,Agree,Neutral,3,"I'm not really sure what tool means here. If tool refers to the SQL backend Lab for the little chat app thing that we worked with, then I think having a reference for a functional app made it easier to create an ERD and thus a schema, since we knew what we needed it to have.",Nothing really stood out as super frustrating during this project. It was pretty straight forward and my team was able to complete it relatively easily. ,"I never really thought about what the database backend for a messaging app might look like, so it showed me a real life scenario that databases might be used in.","Yes. I think at least parts of this assignment would've been better suited to be an individual project. Particularly the parts where we wrote SQL queries and reported back on the answers, since my group often found ourselves with one person writing the queries and the answers in a file while the rest of us watched and couldn't really help out much. Many of the milestones had parts where we needed to write SQL queries, and the instructions even suggested that we all complete the queries on our own and then compare. I think it might just simplify the whole process if it was an individual project.","Meeting in person is probably better for this kind of project since there are parts that don't really need more than one person's computer. More often than not, my group had moments when we had no way to help each other contribute to the final milestone. This was usually the part once we had finished the main parts of the assignment and were translating them into PDF format or SQL file format for submission. "
3/13/2026 4:20:41,2,2,Agree,Strongly Agree,Agree,Agree,Neutral,Agree,Strongly Agree,Strongly Agree,Neutral,Agree,Agree,Agree,Agree,Agree,Disagree,Neutral,Agree,3-4 hours,"Running a query in SQL Lab and seeing the results immediately helped me understand how JOIN operations actually connect tables in practice, watching real data merge across tables made the concept click in a way that diagrams and lectures alone never could.","The most frustrating part was forgetting to add constraints like primary keys or NOT NULL, only realizing the mistake after inserting bad data.",I didn't expect to learn how much thought goes into naming conventions and table structure. Small design decisions early on have a huge impact on how readable and maintainable queries become later.,No. Working in a group made it easier to catch each other's design mistakes early and helped me understand different approaches to schema design that I wouldn't have considered on my own.,"Start with a clear schema design before writing any queries. Small decisions like naming conventions and relationships between tables will affect everything that comes after. Collaborate with your group early, question each other's design choices, and use SQL Lab to test your assumptions often."
3/13/2026 5:00:39,0,"8(R, python, frontend)",Agree,Agree,Strongly Agree,Agree,Strongly Agree,Agree,Agree,Neutral,Neutral,Strongly Agree,Agree,Agree,Strongly Agree,Neutral,Strongly Agree,Strongly Agree,Agree,3 hours,"One moment that helped me is when I use tool to compare my schema with the CSV import requirements for milestone 5. It helped me understand why column types and field lengths matter in database design. Before that, I did not really think about how small schema decisions could affect whether data can be imported successfully.","The most frustrating part was debugging queries when the results looked wrong even though the SQL seemed correct. Sometimes the issue was not the query itself, but duplicated data, schema mismatches, or imported data changing the results. That was frustrating because it took me a lot of time to figure out whether the problem was in the logic, the data, or the database structure.","One thing I learned that I did not expect was how much database work is about planning and checking details, not just writing queries. I learned that schema design, constraints, foreign keys, and data consistency are very important for making the app work correctly. I also learned that even simple SQL questions can become harder when the data changes over time. Also, I feel like SQL can do many things, I just realized that SQL has way more functions than excel.","No, because this project actually need a lot of time to do, we can also discuss the problem we faced with group mates.","I think future students should start the project early and test their database often. Sometimes small schema problems can cause many errors later. It also helps to work closely with teammates and check each other’s queries. Another useful thing is to carefully read the instructions for each milestone, because some steps depend on earlier work. Overall, staying organized and testing queries step by step makes the project much easier."
3/13/2026 12:39:59,0,8,Strongly Agree,Strongly Agree,Strongly Agree,Strongly Agree,Disagree,Agree,Agree,Agree,Strongly Agree,Agree,Agree,Strongly Agree,Strongly Agree,Strongly Agree,Strongly Agree,Strongly Agree,Strongly Agree,2,The application page in backend labs helped by understand how sql queries cause displays on application to look. This was especially true with the query to display the most recent 50 messages on a page with the newest message at the bottom. Trying out different variations of queries showed me how to display messages in a certain order.,"It was a bit frustrating that all of our projects seemed to become very similar in the end. Originally when creating our ERDs we thought we had a lot of freedom to design features and operations we wanted to implement. However, as the milestones continued, we came to realize that we were restricted to a set of operations and that the application predetermined. This limited our creative output to try and develop our own ideas for how the system should work.",I didn't expect to learn how connect a SQL programming application (pgadmin) to a chatting application. This wasn't something I had ever done before so it was a cool experience.,"I preferred the group aspect of this project, since I got along well with my group members and we were able to collaborate and help one another through the project. It would have been very overwhelming to try and complete on my own.","Try to figure out how to best work together with your group. A lot of the programing only makes sense when done in one go sequentially, so try to figure out how to collaborate rather than just one person querying."
3/13/2026 13:27:40,1,"4 (CSE 12x, info 201)",Strongly Agree,Strongly Agree,Strongly Agree,Strongly Agree,Neutral,Strongly Agree,Strongly Agree,Strongly Agree,Agree,Strongly Agree,Strongly Agree,Strongly Agree,Strongly Agree,Agree,Agree,Strongly Agree,Strongly Agree,Likely around 5 hours,"A moment where the tools usage capacity really was made clear was in milestone four, when we were able to really see the backend in action. It really helped us see that our database/schema design had really been perfected/improved over all of our milestones, because we were able to integrate into the tool very easily. It was also cool to be able to run our queries and know to debug if we physically were unable to use the feature.","I would say that the most frustrating part was that some of the milestones’ instructions or requirements were a bit confusing or unclear, and we would have to spend a lot of time clarifying or asking questions. Additionally, two of the tables in our database had PK’s that were repeatedly getting marked down on, but we weren’t really getting any full clarification on why.","To be honest, I wasn’t really going into this project with many expectations. Maybe just the importance of considering the specific situation of the project for the database. For example, we were thinking of general messaging or social media apps where usernames can be changed, so we didn’t make username our PK originally. But in this project/scope, username cannot be changed so our reasoning was not relevant.","No, I wouldn’t have. I think having the ability to initially write queries and iterate with teammates was really great. Also, database design is something that people have varying opinions on, so being able to compare our ideas to ultimately come up with the best, most efficient and clean schema is nice. I also had a fantastic group so I may have just gotten lucky. We worked very well together and all had similar goals, even completing some out of class projects together","Make sure to ask questions and clarifications early on, whenever the milestone is released. Even if you don’t have time to do it until the last minute, read and think through it ASAP and if there is anything you are unclear on, ask during lecture, section, or office hours. "
3/13/2026 14:54:06,5,4,Neutral,Disagree,Agree,Agree,Agree,Neutral,Agree,Disagree,Disagree,Agree,Neutral,Strongly Agree,Agree,Disagree,Disagree,Disagree,Strongly Agree,2-3,I really enjoyed using schema tool such as draw.io - I'm a visual learning so I understood how tables are related to each other and the importance of PKs/FKs. ‎ ‎ ‎ ‎ ‎ ‎ ‎ ‎ ‎ ‎ ‎ ‎ ‎ ‎ ‎ ‎ ‎ ‎ ‎ ‎ ‎ ‎ ‎ ‎ ‎ ‎ ‎ ‎ ‎ ‎ ‎ ‎ ‎ ‎ ‎ ‎ ‎ ‎ ‎ ‎ ‎ ‎ ‎ ‎ ‎ ‎ ‎ ‎ ‎ ‎ ‎ ‎ ‎ ‎ ‎ ‎ ‎ ‎ ‎ ‎ ‎ ‎ ,The most frustrating part for me was the actual coding. I struggled to connect to the INFO 330 database and Chat so at points I couldn't debug/verify my work.,One thing that I learned is how to translate real-life scenarios into working databases. In my previous SQL classes it was more about coding and less about theory.,"No, my group members helped me with any problems I encountered.",I would advise future students taking INFO 330 to know that it's important to properly set up your milestones as you progress. They build up on each other so if you make a mistake in the beginning it will be harder to work on your next milestones.
3/13/2026 16:13:21,4,3,Agree,Strongly Agree,Agree,Neutral,Disagree,Agree,Agree,Strongly Agree,Agree,Agree,Agree,Strongly Agree,Strongly Agree,Strongly Agree,Agree,Strongly Agree,Strongly Agree,3,"This project helped me understand how SQL can act as a data collection tool that supports the backend code that makes an app run. In this scenario, we were only using SQL to grab the data we needed for the different operations and using user input to do so. We didn't talk about user input in this class, so getting to learn that through this tool was nice.","The most frustrating part of this project was the schema design, because it didn't end up being as open-ended and customizable as it was made out to be. I understand now that the chat app has certain expectations that are needed in order for it to run, so it makes sense why there were specific criteria to meet. However, it was described as an opportunity to be creative, and every creative decision my team made got points deducted. ","I didn't expect to learn how to apply window functions, but in milestone 5, that proved extremely helpful.","No, I enjoyed getting to split up the work and collaborate with a team so that we could each verify choices made and think with each other through difficult problems.","I would want them to know that you can't split up all of the work. You need to have meetings for every milestone to decide as a team how to move forward, and then you can delegate, but the meeting needs to happen to make sure everyone is on the same page. "
3/13/2026 16:23:27,2,3,Strongly Agree,Strongly Agree,Strongly Agree,Agree,Agree,Strongly Agree,Agree,Agree,Strongly Agree,Strongly Agree,Agree,Agree,Strongly Agree,Agree,Agree,Strongly Agree,Strongly Agree,3-5,"One moment when the tool helped me understand SQL was when we were working on the display messages query for the app. Once we thought we had completed the queries required, I was testing the chat, and noticed that messages would just jump to the top of the chat. This led to us changing the query for that feature, and helped me see the connection between the written queries and the behavior of the app as a result.",The most frustrating (which wasn't that frustrating) part of the project was trying to figure out when our group could all meet in spite of busy/different schedules.,I did not expect to learn about testing/verifying databases using premade data. We did this in the later milestones and it was a good experience.,"No. I'm glad I got to work in a group so that I could check my understanding with other people, and learn about new/different ways to think about and design databases.","Make sure you start the milestones sooner rather than later! Pay attention to feedback, ask questions, and talk with your group. Don't just divide up the work and disengage with each other. Your learning comes from working collaboratively."
3/13/2026 16:44:06,2,1,Agree,Agree,Strongly Agree,Agree,Agree,Agree,Strongly Agree,Agree,Neutral,Agree,Neutral,Agree,Agree,Agree,Agree,Strongly Agree,Agree,3-4 hours per milestone,"I think a moment that helped me understand SQL was when the messages in the app where not showing up in pgAdmin and this helped me learn more about the logic of separating the database schema and application logic, I learned that it is not just about the relationship between tables and relationships but also about how the data will flow through the system.",I think the most frustrating part was for a brief period in milestone 4 our pgAdmin and app were not connected for some reason. The messages we would post in the app would no show up when we queried in pgAdmin.,I think realizing how everything would connect in the later milestone was fascinating. The database design we created in M1 was focused in normalization but then when we got to M5 and had to think about questions like who relies most often to who we realized how important the timestamps were and how important created_at was. ,"No, I think having a group was so great for this project we all did the coding work individually and then got to share our answers and learn from each other. ",I would want then to understand the M1 isn't just busy work it sets up a foundation for everything that comes after and that all the milestone should be taken seriously because everything connects in the end.
3/13/2026 18:40:51,3,5,Strongly Agree,Strongly Agree,Strongly Agree,Agree,Neutral,Strongly Agree,Strongly Agree,Agree,Strongly Agree,Strongly Agree,Agree,Neutral,Disagree,Agree,Agree,Agree,Strongly Agree,4,"The tool helped me understand the how helpful sub queries can be. We ran into the same issues a lot of other groups ran into, where when fetching the newest messages, they were coming back in the wrong order (newest on top), so we switched the sort order, without realizing that that would just give us the 50 oldest messages. We were able to get it fixed by doing a subquery of the newest messages first, and the changing the order of those results. ","The most frustrating part was having our backend SQL answers cleared every time we re-authenticated with the app. It was super annoying to have to constantly go back and forth, copy pasting our answers again into the fields. I know there is no user account system where they can be saved, but having it saved to at least the browsers local storage would be super helpful. ",I thought indexes were only useful for retrieving very specific pieces of data. I did not know that you could have Postgres also use indexes to help optimize sorting. ,No. I really liked working with my team.,"Actually use the project. My teammates and I had some real conversations on the app and it was fun. Also, use the personal database that is setup for you to test queries, and other SQL operations before running them on your group DB. "
3/13/2026 18:49:44,2,6,Agree,Agree,Agree,Agree,Agree,Agree,Agree,Agree,Agree,Agree,Agree,Agree,Agree,Agree,Agree,Agree,Agree,About 3 hours per milestone,One thing that helped me gain a deeper understanding of SQL was when we started writing queries to analyze our chat data (such as identifying the most active users in each channel or calculating response patterns). Seeing the structure of the data in the database table made me more aware of the importance of schema design.,"The most frustrating part is the process of debugging the SQL query, because initially the query results seem to be correct, but in fact they do not meet the specified requirements. For instance, sometimes the query returns results, but the number of rows is excessive or the sorting is incorrect. It requires time to carefully analyze the problem and adjust the query logic.",One thing I didn’t expect to learn was how important it is to think about data structure before writing queries.,"No. Although coordinating schedule arrangements and merging codes can sometimes be quite challenging, teamwork helps in identifying errors and sharing ideas. Sometimes team members will point out errors that other team members have overlooked.",It helps to run queries step by step and verify intermediate results instead of trying to write the entire query at once. It is important to start testing your problem as early as possible and generate sufficient data in your application before conducting the analysis.
3/13/2026 19:15:05,I have had zero coding classes before college. The first coding class I took was freshman year and was CSE 121.,"I had taken 5 code focused classes before INFO 330. CSE 121, CSE 160, CSE 163, INFO 201, INFO 180",Strongly Agree,Strongly Agree,Strongly Agree,Strongly Agree,Strongly Agree,Strongly Agree,Strongly Agree,Strongly Agree,Strongly Agree,Strongly Agree,Strongly Agree,Strongly Agree,Strongly Agree,Strongly Agree,Strongly Agree,Strongly Agree,Strongly Agree,Around 15 hours,The tool helped me understand SQL and schema design when I was testing out the functionality of the chat app such as joining a channel and creating one since whenever the query was not working I had to change it to match the schema design of the app so that it would work. ,"The most frustrating part was during milestone 5 when I was trying to generate data some of the SQL backend lab queries did not save and I had to keep writing it again in order to test of different users,",Something I learned through this project that I didn't expect to was understanding how seed data and generating fake data works since I always knew what it was but I never worked directly with generating fake data and seed data in sql so that was interesting to understand how important it is.,"No, I think doing this project as a group made it easier to understand everything since whenever I didn't understand something or something wasn't working I would turn to my group and we would all problem solve it together.",I would send a message of trying to stay on top of learning queries and testing schema while understanding the backend functionality of the app. I would also recommend having a strong communication with your group since a lot of the work done has to be done collaboratively. 
3/13/2026 22:55:06,0,1,Strongly Agree,Strongly Agree,Strongly Agree,Neutral,Agree,Strongly Agree,Strongly Agree,Strongly Agree,Strongly Agree,Strongly Agree,Strongly Agree,Agree,Strongly Agree,Strongly Agree,Strongly Agree,Strongly Agree,Strongly Agree,4-5,"Using pgAdmin helped me better understand SQL when we were testing our schema design. Running queries and checking the tables helped me verify that the relationships, constraints, and overall structure were working correctly.","When I didn't get the query output related to the question, it was frustrating because I tried to debug the query but couldn't immediately find the issue. But after a close review of the logic, I was able to fix it.","Building a database using both SQL Chat Lab and pgAdmin together helped me see how the two tools can work together, as we designed and tested queries. ","No, I enjoyed working with my group. It made the project more engaging by sharing ideas and getting different perspectives while collectively building this database.","Designing your schema is probably the most important step, as you will base all your queries and database structure on it. Take time to carefully plan your relationships, tables, entities, and constraints. A well-thought-out schema makes writing queries easier, reduces debugging, and helps avoid errors. "
3/13/2026 23:15:23,0,2,Strongly Agree,Strongly Agree,Strongly Agree,Strongly Agree,Strongly Agree,Strongly Agree,Strongly Agree,Strongly Agree,Strongly Agree,Strongly Agree,Strongly Agree,Strongly Agree,Strongly Agree,Strongly Agree,Strongly Agree,Strongly Agree,Strongly Agree,2.5 hours,"When I used the ERD tool to visualize adding parent_message_id and is_deleted to the chat_inbox table, I finally saw how schema changes directly connect to user features like replies and soft-delete, instead of just writing SQL code I didn't fully understand.","It was frustrating when CSV imported data, which is the historical timestamps, didn't show up in time-based queries, like last 24 hours or 3 days, making us spend extra time verifying why results were zero. Another frustration was getting the RANK() function right for top users per channel in Milestone 5, we struggled with ties skipping ranks until we tested small datasets in pgAdmin.","We didn't expect to learn that splitting data into separate tables, like reaction instead of adding reactions to chat_inbox, makes the schema far easier to update and fix. We also didn't anticipate how much testing queries in pgAdmin before the app would save time. Lastly, we didn't expect historical data to affect time-based query results, it teaches us to always check timestamps when analyzing data.","No, we wouldn't have preferred to do it individually because splitting tasks made the work manageable and reduced mistakes effectively as well. Collaborating also helped us fix issues and mistakes faster, when someone struggled with indexes or window functions, a teammate could explain based on their own understanding.","I would recommend you to collaborate early with your team to finalize key schema decisions like primary keys and foreign keys, then use an ERD tool to draw out changes. This stops you from having to rewrite entire tables later when you realize a constraint is missing. In addition, you should test every SQL query in pgAdmin before adding it to the app, even small mistakes like a missing is_deleted filter or wrong parent_message_id can break the app, and testing first can save hours of fixing later."
3/13/2026 23:18:56,none,4,Agree,Agree,Agree,Agree,Agree,Agree,Agree,Agree,Agree,Agree,Agree,Agree,Agree,Agree,Agree,Agree,Agree,4 hours,"One moment when the tool helped us better understand SQL was when we were writing queries to analyze the message activity in different channels. At first, it was difficult for us to figure out how to correctly group and filter the data, especially when calculating things like the most active users or the number of messages in a certain time window. By running the queries and immediately seeing the results, we were able to understand how GROUP BY, COUNT, and time conditions worked together. This helped us realize how SQL queries translate directly into meaningful insights about user activity in our database.","The most frustrating part was debugging the more complex queries, especially the ones involving message reply patterns and response times. These queries required joining the chat_inbox table with itself and carefully comparing timestamps. Small mistakes in the join condition or time comparison could completely change the results or produce unexpected outputs. It sometimes took several attempts to identify what was wrong, but the debugging process ultimately helped us understand how relational queries work more deeply.","  One thing we did not expect to learn from this project was how much database design affects the difficulty of writing queries later. When the schema is well designed and relationships between tables are clear, writing analysis queries becomes much easier. On the other hand, even small design decisions, such as how channel membership or messages are structured, can significantly affect query complexity. This project helped us understand that schema design and SQL analysis are closely connected.","No, I would not have preferred to do this project individually. Working in a group made the project more manageable because different members could focus on different parts of the system, such as schema design, query writing, and testing the application. It was also helpful to discuss ideas together when we were debugging SQL queries or deciding how to structure certain tables. Sometimes one person would notice something another person missed, which helped us solve problems faster. Overall, collaborating allowed us to learn from each other and better understand how database systems are built and analyzed in practice.","One piece of advice I would give future students is to start testing their queries early and often. It is much easier to debug SQL queries when you test them step by step instead of writing a large query all at once. I would also recommend making sure the schema design is clear before writing complex queries, because a well-designed schema makes the analysis much easier later. Finally, generating enough sample data early in the project helps a lot, since it allows you to actually see patterns in the data and verify that your queries are working correctly."
3/14/2026 2:30:42,0,5,Agree,Neutral,Agree,Strongly Agree,Neutral,Agree,Agree,Agree,Agree,Strongly Disagree,Agree,Neutral,Agree,Agree,Disagree,Disagree,Strongly Agree,2-3,"One moment was debugging query 9 in milestone 4 where we originally used ORDER BY created_at ASC LIMIT 50, and seeing the app display the oldest messages instead of the newest which made the impact of ordering much more concrete than just running queries in pgAdmin.","The most frustrating part was debugging the SQL Lab queries. When something broke in the app it was not always obvious whether the issue was with the query syntax, the column names, or how the frontend expected the data to be returned. We also lost progress a few times because the SQL Lab resets if you leave the browser for too long, which meant retyping queries we had already written. It taught us to always keep a saved copy of our work outside the browser.","Something I did not expect to learn was how much column naming and ordering actually matters when connecting SQL to a real app. In class we focused on getting correct results, but in the app, returning the right data with the wrong column name would still break everything. I also did not expect to learn how much thought goes into deciding what to store versus what to derive through queries. For example, we initially debated storing is_member and user_count as columns, but realized they could just be calculated from the membership table, which made the schema cleaner and more normalized","No, in all honesty this was a lot of work and I don't think there is a way to do this project riding solo.",Start early and test in pgAdmin before touching the SQL Lab. The app gives you good feedback but pgAdmin lets you experiment freely without breaking anything. Also keep a saved copy of your queries somewhere outside the browser because the SQL Lab resets and you will lose your work. Read the milestone instructions carefully because small details like column names and ordering matter a lot more than you think. And do not skip the design phase in Milestone 1 because a good schema from the start saves you a lot of debugging later.
3/14/2026 2:41:52,0: Never learned coding before college.,2: R and Ptyhon.,Agree,Strongly Agree,Agree,Strongly Agree,Strongly Agree,Strongly Agree,Strongly Agree,Strongly Agree,Agree,Agree,Strongly Agree,Agree,Agree,Strongly Agree,Strongly Agree,Strongly Agree,Strongly Agree,3,One moment the tool helped me understand SQL was when I used JOIN to connect the chat_inbox and channels tables. Seeing the channel names appear with the messages made it clear how tables relate through foreign keys. It helped me better understand how schema design supports queries that combine data from multiple tables.,"The most frustrating part was debugging the SQL queries when they did not return the expected results. Sometimes a small mistake, like a missing condition or incorrect join, caused the query to fail or produce wrong outputs. It took several attempts to identify the issue, but it helped me better understand how SQL queries work.","One thing I didn’t expect to learn was how much database design affects how easy it is to write SQL queries later. When the schema is well organized with clear relationships and foreign keys, writing queries becomes much simpler. This project helped me understand that good schema design is just as important as writing the queries themselves.",No. Working in a team was helpful because we could divide tasks and check each other’s work. Sometimes someone else would notice an issue in the SQL or schema that I missed. Collaboration also made debugging easier since we could discuss different approaches and solve problems faster.,"I would suggest starting early and testing your SQL queries frequently. Running queries step by step in pgAdmin before putting them into the app can save a lot of time when debugging. It’s also helpful to clearly understand the relationships between tables, because many queries depend on how the schema is designed. Finally, communicate often with your teammates and divide the tasks so everyone can focus on different parts of the project while still helping review each other’s work."
3/14/2026 3:30:59,"2 in high school, and weekly classes during elementary / middle school outside of school",6,Strongly Agree,Strongly Agree,Strongly Agree,Agree,Strongly Agree,Agree,Strongly Agree,Agree,Strongly Agree,Neutral,Agree,Neutral,Agree,Agree,Agree,Agree,Strongly Agree,3-4,"It was useful to be able to see how each individual query impacted the user's view of and interaction with the app. This allowed me to understand how all the different components fit together, and how issues in one could impact the functionality of the others.",It was frustrating to have to paste our queries into the backend lab every time we wanted to interact with the app because it kept logging us out and the queries would not save. This was frustrating because it is a tedious process that we had to repeat many times throughout different milestones.,"I learned the importance of thinking through different elements and constraints in the beginning, as it was a more challenging process to go back and make adjustments when needed than I was expecting.","No, I think it was useful to work through difficult sections with others and have the opportunity to compare approaches / interpretations to decide on the best one.",Start working on the milestones as soon as possible to have the time to ask questions and work through issues / confusions before deadlines. Work with your group at every step and clearly communicate with each other to ensure all part fit together and everyone is learning the content by applying the concepts.
3/14/2026 4:56:04,0,3,Strongly Agree,Agree,Strongly Agree,Agree,Strongly Agree,Agree,Strongly Agree,Strongly Agree,Strongly Agree,Agree,Strongly Agree,Strongly Agree,Strongly Agree,Strongly Agree,Agree,Agree,Strongly Agree,6 hours,"A moment where the tool helped me was when i was learning about joins, in particular left, right, self, inner and full joins. Class slides and lecture were really helpful in laying fundation but taking time out and really learning it indidually helped me really understand joins thanks to use of the tool.","The frustrating part was sometimes the tool didn't really explain or answer possible questions that i had, felt like the information it gave was broad at times.",The importance of schema design(ERDs) and how they built groundwork for building tables and creating queries.,"No, i enjoyed collaborating with my group mates and i thought we did a great job on the milestones, really tested each other to make sure we do it correctly.",Read all the deliverables in depth to get good understanding of what the project is and what's going to be expected of you. Going to lecture consistently and doing homework will ensure you do well on project deliverables.
3/14/2026 10:16:02,3,8,Agree,Strongly Agree,Strongly Agree,Agree,Agree,Strongly Agree,Agree,Agree,Agree,Agree,Neutral,Agree,Neutral,Agree,Strongly Agree,Strongly Agree,Agree,4 hours,The populate_db tool at helped clarify how schema design impacts real data imports. The tool previewed the CSV columns and suggested schema mappings which forced us to consider the length of incoming data. This served as a reminder of why choosing appropriate data types matters. Actual data may break your app if you're too restrictive. Writing the ALTER TABLE commands felt like maintaining a real system.,"The most frustrating part was manually generating data by logging in and out repeatedly as different users. We had to hit at least 120 messages across 10 users, and keeping track of who posted what became tedious. It was also easy to lose context when switching between incognito windows. Sometimes I forgot which user I was logged in as or what channel was open and consequently interrupted the flow of a conversation. This process initially felt disconnected from the more interesting SQL analysis later.","I didn't expect to learn how much thought goes into defining activity and engagement in a chat app. When we ran queries like messages per member or average response time, we had to consider what those metrics actually mean. For instance, does a user who posts once but gets many replies count as active? These questions made me understand how database queries translate human behavior into measurable definitions.","No, I think it works better with a partner. There’s a lot of back and forth between schema design, query writing, and debugging. Having someone to talk through errors with made a big difference, and dividing up the milestones kept us from burning out.","Although the data generation step of milestone 5 can feel very frustrating, I suggest not just rushing through it. It was surprisingly worth it to create meaningful conversations because your SQL insights will actually reflect real patterns and the fruits of your labor. Also collaborate early on query logic. Explain your approach to teammates and have them do the same because otherwise you’ll likely lose points for inconsistent logic."
3/14/2026 14:30:01,0,3-5,Agree,Strongly Agree,Strongly Agree,Strongly Agree,Neutral,Agree,Agree,Neutral,Strongly Agree,Neutral,Neutral,Neutral,Agree,Neutral,Disagree,Strongly Agree,Strongly Agree,3-4,"I have no idea what ""tool"" means here. If you mean the SQL Lab Tab page, then it helped me understand what I was supposed to include in some of our queries. It was a very helpful guide.               ","For me, the most frustrating part of this project came in Milestone #5 where we had to write queries using things we didn't learn in class. It was stuff we had to learn on our own from Homework #5 and even then it was possible to complete the homework without learning that. Only 1/3 of us learned the necessary code.",I would say indexes. I had only a small idea of what we may learn in this class as I had no idea what SQL was before.,"I think it would have been fine doing in alone, but for this project I really liked my groupmates and so no, I would want to do it as a group;.",I would want them to know that you have to engage with the material on your own time a lot in order to really understand what it is you're doing in the project. I found myself looking back at personal notes and slides a lot during the project.
3/14/2026 20:29:30,0,6,Strongly Agree,Agree,Strongly Agree,Agree,Disagree,Strongly Agree,Strongly Agree,Strongly Agree,Strongly Agree,Strongly Agree,Strongly Agree,Strongly Agree,Strongly Agree,Strongly Agree,Neutral,Agree,Agree,3-4,"pgAdmin was helpful as I could see visually how my queries were impacting the database design, especially with the tables. The project was harder as there were some hidden code I had to infer, for example, I didn't understand what the $ + plus a number meant at first.",Copy-pasting my queries every time I closed the chat app and opened it again was frustrating and just busy work.,"II didn't expect to learn how to design the databases so clearly, or at least didn't expect to succeed at understanding them. This is the kind of computer science that before taking this class I would've predicted I wouldn't do well at.","No, I liked being able to bounce my ideas off other people and having people to reach out to when I didn't understand something. I probably wouldn't have made any meaningful connections in the class without the project groups.","I would explain to them how inputs would work in the chat app, that the $1 and $2 refer to user input. I would probably also say that aliases become extremely helpful in the later milestones, if you used different names in the first new milestones you don't have to change everything when you start querying in the app."
3/14/2026 21:20:55,a little on python and tableu,"cse 121 to 123, info 201",Agree,Agree,Strongly Agree,Agree,Agree,Agree,Agree,Agree,Agree,Agree,Agree,Strongly Agree,Agree,Agree,Strongly Agree,Strongly Agree,Strongly Agree,personally 2h,"Working on the data dictionary and trying to explain why certain fields should be primary keys, foreign keys, or just unique attributes is most helpful. I learned to tell the differences between a user-facing field, like a channel name, and a stable database identifier, like an auto-generated ID. That made schema design feel more logical to me instead of just memorizing rules.","debugging small mismatches between the schema and what the app expected, because sometimes the overall idea was correct, but a slightly off column name, return column, or parameter order could make a query fail and that tiny detail was hard to find.","The database is like the foundation of the app, and every setup matters for future operations. Because if the schema is not designed carefully, even simple actions like joining a channel or loading messages become much harder.","No, collaboration is better since the workload is large, and communication between peers can also help us learn.","not to treat each milestone as a completely separate task. It helps a lot to think ahead, because decisions in the early schema design stage can affect later milestones like SQL Lab and analytics. I would also recommend them testing in both pgAdmin and the app more often instead of waiting until the end, since many issues only show up when the frontend actually uses your queries. Most importantly is not get discouraged by debugging, because a lot of the learning in this project comes from fixing small mistakes and understanding why they matter."
3/14/2026 21:21:34,2,4,Agree,Agree,Agree,Agree,Neutral,Agree,Agree,Agree,Agree,Neutral,Neutral,Neutral,Agree,Agree,Neutral,Agree,Agree,2 hours,"The front-end of the SQL Chat already being set up allowed me to view the database as an actual app that I was working on rather than just a school project. Additionally, it helped demonstrate how the queries functioned in the application.",The most frustrating part was that one of our queries passed the test in the Lab but was not actually correct.,"I feel as if I learned actual code and concepts I could apply in a professional setting, not just an academic one.",I am glad that we worked in groups for this project because I had a great group and we were all able to utilize our individual strengths and help each other if someone got stuck.,"​​Although this project may appear to be very daunting, it consists mostly of concepts we learned in class, so just be patient when working through the milestones. Also, reach out to the instructor and TAs if additional support is needed."
3/14/2026 21:57:30,1,5,Neutral,Strongly Agree,Agree,Neutral,Neutral,Agree,Agree,Agree,Strongly Agree,Strongly Agree,Agree,Agree,Agree,Agree,Agree,Strongly Agree,Strongly Agree,4,"The SQL lab where it explains how the queries should work when you write them was a great way of helping me connect SQL to functionality. This is because when I would just write the queries all I would see was the commands and values, and even though I knew what the queries were doing, it was hard to just look at it and convert that to a certain button. ","For me, sometimes it took time to start writing a query because I had to think for a bit and take a look at the tables and columns to refresh my mind and start connecting pieces. This was frustrating because at a certain point I felt like I shouldn't have needed to do that. ","I learned how I could translate other apps and systems into DDLs. I think this is because of the familiarity I had with the chat app. Then I saw the DDL my group mate made for the chat app, which helped me understand DDLs more because I saw it in a context more familiar, and it allowed to do the same for other random apps and systems I thought of.","No, this project can definitely be done individually, but it would be way harder because of the amount of details you need to keep track, and the time you'd have to put in. For example, creating an ERD on your own is so much more difficult than with two other people, because of the amount details you need to keep track of like attributes, cardinality, foreign keys, etc. Collaborating and working together with my group helped me understand most concepts taught in the class much better, and helped me be more efficient, as well as the whole group. ","When reading instructions or expectations of what queries are supposed to do, make sure you read everything closely, even the parts you're not working on. Understanding every detail about each milestone key to not getting confused when doing your own share of work."
3/14/2026 22:42:52,0,3,Agree,Neutral,Agree,Strongly Agree,Agree,Agree,Agree,Agree,Agree,Neutral,Neutral,Agree,Agree,Agree,Neutral,Agree,Agree,10,"When I was writing queries with joins for the project. I understood the idea, but I wasn't sure how to structure the SQL correctly. The tool helped me see examples and fix errors, which made it easier to understand.","The most frustrating part was figuring out why some of our queries were not working even though they looked correct. Sometimes the issue was small things like table aliases, join conditions, or missing commas, which were hard to notice. It took time to debug and understand what the database was actually expecting.","One thing I didn't expect to learn was how important schema design is before writing queries. At first, I thought SQL was mostly about writing queries, but through the project, I realized that how the tables are structured and connected makes a big difference. If the schema is designed well, the queries become much easier to write and understand","Yes, I think doing the project individually might have helped me learn the whole process more deeply. In a group project, tasks are often divided, so I mainly focused on certain parts. Doing it individually could have helped me practice all parts of the process and understand the workflow more fully.",I would tell future students to spend enough time understanding the schema and relationships between tables before writing SQL queries. Having a clear idea of how the tables connect makes the queries much easier to write later.
3/15/2026 3:17:17,0,4,Agree,Agree,Strongly Agree,Strongly Agree,Strongly Agree,Strongly Agree,Strongly Agree,Agree,Strongly Agree,Neutral,Agree,Strongly Agree,Strongly Agree,Strongly Agree,Neutral,Agree,Strongly Agree,~2 each ,"I would say one moment when the tool helped me better understand SQL/schema design was through it's error messages, as this helped guide me to debug SQL by comparing the expected vs. the actual outputs. ",The most frustrating part about the tool was that it doesn't give reasons to why my SQL output fails,Something I learned through this project that I didn't expect to was writing more advanced SQL queries to analyze the new messaging data. ,"No; I liked having it as a group project because I was able to collaborate with teammates when I was struggling with creating queries, navigating pgAdmin, etc. ","Even though it is a group project, not all assignment should be split equally to work on asynchronously and individually (ie: delegating individual tasks is not always the best/smartest way to get the work done) Many of the milestone assignments require you to discuss with your group members!"
3/15/2026 3:32:24,1,5,Disagree,Disagree,Neutral,Agree,Disagree,Agree,Agree,Agree,Agree,Agree,Agree,Agree,Agree,Neutral,Agree,Agree,Agree,2,"One moment when the tool helped me understand schema design is when reading the input and output variables. Using ""$1"" and ""$2"" helped me understand how the rows in the database were being created. This allowed me to understand the data flow of the application. ","The most frustrating part was the SQL backend lab sometimes resetting, forcing me to copy and paste all the SQL Queries back inside. ",Something I learned that I didn't expect was schema design. I learned how to weigh certain attributes and how to remove attributes when they weren't needed. ,"Although I admit many milestones I felt were able to be done individually, I would not have preferred to do this project individually. Especially in early milestone, having different perspectives and table creation had big impacts on tradeoffs, especially when team members checked each others work. ","I would want them to know how important initial schema design is. When developing an application and its data flow, you need abstraction. You need to understand what data is actually needed so you can collect it. It is the foundation you need before creating and adding data. "
3/15/2026 4:40:56,5,1,Agree,Agree,Strongly Agree,Agree,Agree,Agree,Agree,Neutral,Strongly Agree,Agree,Agree,Disagree,Agree,Agree,Disagree,Agree,Agree,5,"The tool was easy to navigate and helped me realize how powerful SQL was and the real-world implications of it. Specifically, seeing the data get stored in the data tables was mind blowing and really helped me understand scheme design.",the strict rules especially with password_hash and password. I had a hard time looking back and also updating the PGAdmin tables since it wasn't lined up properly.,"I didn't expect to understand SQL this in depth but now that I do I am super thankful for it. While I expected to learn some sql, being able to feel like I have skill in it is such a confidence booster.","I would have not preferred to do this project individually. It is super daunting at first, so having a group to rely on is very helpful.","If I had to send future INFO 330 sections a message about how to better engage with the project, I would want them to know that they should communicate effectively with the rest of the group and to not push milestones to the last minute!"
3/15/2026 5:33:02,0,4,Strongly Agree,Strongly Agree,Strongly Agree,Strongly Agree,Strongly Agree,Strongly Agree,Strongly Agree,Strongly Agree,Strongly Agree,Strongly Agree,Strongly Agree,Strongly Agree,Strongly Agree,Strongly Agree,Strongly Agree,Strongly Agree,Strongly Agree,3h,"Once when learning SQL and database schema design, I struggled to understand how to model many-to-many relationships. With the help of a learning tool that provided examples and explanations, I was able to see the logic more clearly. For example, in a student–course scenario, one student can take many courses and each course can have many students, so using only two tables is not enough. The tool showed that an additional junction table, such as `enrollments`, is needed to store `student_id` and `course_id` as foreign keys. By demonstrating the table structure and example SQL queries, it helped me understand how the tables connect and why normalization and junction tables are important when designing relational databases.","The most frustrating part was figuring out how to design the database schema correctly, especially when deciding how tables should relate to each other. At first, it was confusing to determine when to use foreign keys or when a junction table was needed. Sometimes the schema looked correct but didn’t work well when writing SQL queries. It took several revisions to understand how normalization and relationships affect the structure of the database.","One thing I didn’t expect to learn was how important database schema design is before writing any SQL queries. I initially thought SQL was mostly about writing queries, but I realized that a well-designed schema makes querying much easier and more efficient. Understanding concepts like normalization and many-to-many relationships helped me see how data should be organized in a relational database.","No, I would not have preferred to do this project individually. Working in a group allowed us to share ideas and discuss different ways to design the schema. Sometimes other group members noticed problems or suggested improvements that I didn’t think about. Collaboration helped us solve issues faster and made the project more manageable.","I would tell future students to start thinking about the database schema early and spend time understanding the relationships between tables. Planning the structure first makes the rest of the project much easier. It’s also helpful to communicate with teammates regularly and review each other’s ideas. Finally, don’t be afraid to revise the schema multiple times, because improving the design is part of the learning process."
3/15/2026 19:19:48,1,3,Strongly Agree,Strongly Agree,Strongly Agree,Strongly Agree,Strongly Agree,Strongly Agree,Agree,Agree,Agree,Agree,Agree,Strongly Agree,Strongly Agree,Agree,Agree,Agree,Agree,3,"When we ran the Chat App ""Test Schema"", it kept failing because our table/column name didn't match what the frontend expected. Seeing errors like ""column name does not exist"" made it click that schema design isn't just theory, naming and constraints must align across components. Fixing it helped me understand PK/FK choices and why consistency matters.","The most frustrating part was chasing ""schema looks good"" but still failing individual SQL Lab queries. Small mismatches in column names, parameters, or expected outputs caused confusing errors and stopped progress.","I tried to understand the underlying logic behind each company's workflow, which I didn't expect to be necessary.","No, because having a partner is very important when you run into errors.","Don’t treat the project like isolated SQL questions. Keep your ERD, data dictionary, and actual table definitions perfectly consistent, and test early in the app—not just in pgAdmin. When something fails, read the exact error and trace it to a specific column, constraint, or parameter. Debugging is part of the learning."
3/15/2026 21:52:48,None,4,Agree,Strongly Agree,Strongly Agree,Neutral,Disagree,Agree,Agree,Neutral,Agree,Agree,Neutral,Disagree,Neutral,Neutral,Strongly Agree,Agree,Agree,5 hours,"When we were working on Milestone 4, it was really interesting to see the queries we wrote turn into actual app functionality, such as the login feature. Another moment is seeing the seed data we inserted eventually appear on the front end because it helped me really understand how the data is actually being used within the application.","Team coordination has been challenging because my teammates and I all have very different schedules, which makes it difficult to find time to meet and discuss the app requirements together. As a result, we often end up splitting the work into separate parts rather than collaborating closely, which is not what I originally expected group work to look like.

In the initial stages of the project, one thing I found particularly frustrating was the feedback on our design choices. There seemed to be a misalignment between the task description and the actual expectations. For example, when selecting and naming attributes for each entity, there was technically room for design flexibility, but we had to spend a significant amount of effort justifying our decisions without any guarantee they would be approved. Later in the project, some of our earlier design choices ended up not aligning with the project expectations, which made the process feel even more frustrating.","From a technical perspective, one new concept I learned from this class and project was using CTEs to produce results, rather than relying only on joins and subqueries. This was something I had not encountered in my previous database classes. I also did not expect to learn how to write a well documented design justification. I initially thought the project would mostly focus on writing SQL queries, but explaining and defending our design choices turned out to be an important part of the process.

From a teamwork perspective, patience and clear communication were skills I did not expect to develop as much through this project. At times, a teammate’s output was different from what I expected, and it required deciding whether to rewrite the work myself or communicate with the team to resolve the issue, especially when deadlines for each milestone were approaching. This experience made me more aware of the importance of patience and constructive communication in group work.","I would have preferred to complete this project individually because many parts of the work are difficult to collaborate on effectively. If it were done individually, each person would have the opportunity to practice writing every query and constructing the ERD themselves. In addition, any misalignment in system design understanding can easily cause the system to break, which makes coordination more complicated when working in a group.","While working on the project, it is better not to read the entire project specification at once. Instead, focus only on the requirements within the current milestone. Reading the whole document can sometimes lead to overthinking and unnecessary confusion about parts of the project that are not immediately relevant."
3/15/2026 23:01:07,none,4,Strongly Agree,Strongly Agree,Strongly Agree,Strongly Agree,Agree,Strongly Agree,Strongly Agree,Strongly Agree,Strongly Agree,Strongly Agree,Strongly Agree,Strongly Agree,Strongly Agree,Agree,Strongly Agree,Strongly Agree,Strongly Agree,3,I felt really glad when I successfully run the query and get the data I want. It makes me feel like I understand the knowledge and actually participate the technology. I wish I could have these kind of moments more in the future.,"The most frustrating part is understand what the requirements ask me to do. Sometimes I need to ask AI to fully understand the requirements, maybe it's better if somebody can lead us to the page.","I didn't expect to make a real project, I think we will just have some assignments and homework, but we made an actual chat app.","I'm not sure, maybe I will learn better as somebody done some part that I can't learn now. But if I need to do all of the work, it might be too much and hard for me.","If I'm asked to give them some suggestions, I would say try to follow all the part with the schedule. Once you're not followed with the plan, it might be hard for you to follow and understand everything by yourselves. "
3/15/2026 23:35:55,0,4,Agree,Agree,Agree,Agree,Neutral,Neutral,Disagree,Disagree,Agree,Agree,Agree,Agree,Agree,Neutral,Agree,Agree,Agree,3,"The tool helped me understand the importance of defining the design before going further into the process, preventing potentially future mistakes and frustrations. Specifically, initially using ERDs to communicate design decisions before greater mistakes were made because our group was able to check our work with each other and the teaching team.","The most frustrating part was when the tool did not specify exactly what needed to be debugged, and hours were spent trying to figure out what needed to be changed. Generally, getting feedback which was not specific made the process less efficient and more frustrating. ","I learned how different tools can work together to work with data, which always was confusing to me before taking the class. Such helped me better understand how front and end development work together.","No, because the material was confusing to understand without the help of my peers.","Take the advice given on milestones seriously, to prevent future mistakes on different milestones. It is useful to understand where points may be taken off, and to understand the reasoning behind why these points may be taken off."
3/16/2026 3:23:18,0,4,Neutral,Strongly Agree,Strongly Agree,Strongly Agree,Neutral,Strongly Agree,Strongly Agree,Strongly Agree,Strongly Agree,Strongly Agree,Strongly Agree,Strongly Agree,Strongly Agree,Strongly Agree,Agree,Agree,Strongly Agree,5-7,"At one point I didn't know how to go about the many-to-many relationship between users and channels. The idea that a user can be join different channels and each channel can have multiple users, initially felt a bit overwhelming and didn't know where to store. I turned to the chat tool and after seeing it visually I was able to better understand what was expected. It showed me that the channel members table would contain user id and channel id. Overall by walking through the dies step-by-step the tool helped me understand the why's. Made me realize how designing a schema is about thinking through the relationship between entities in the system rather than just creating tables for every entity without considering how they'll react with each other. ",One part that got a bit confusing was the fact that as a group were were all trying to work on different parts of the database and things got messy from the start which messed us up for the other milestones. ,"Using SQL chat lab, I had assume most of this class would be on pgAdmin so its been an interesting shift in how we approached SQL learning. Instead of only working directly we interacted more on conceptual understanding and interactive problem-solving. ","Yes, although working in a group made the workload lighter for each of us coordinating with a team with different schedule and pace is hard to keep track and getting it done earlier then waiting last minute to do so. ","I would definitely say trust the process. At first, a lot of the things we were doing didn't make sense, or felt tedious without being able to see direct impact, but building a strong foundation pays off. Once everything was starting to be in place, it was rewarding to see the final result like being able to send messages, creating channels and more. "
3/16/2026 4:56:27,4,3,Strongly Agree,Strongly Agree,Strongly Agree,Neutral,Agree,Strongly Agree,Strongly Agree,Strongly Agree,Agree,Strongly Agree,Agree,Neutral,Strongly Agree,Agree,Agree,Strongly Agree,Strongly Agree,5,"I think the slideshow is really helpful for understanding how SQL works, and you can review it later. All the homework is very well structured. If you can complete all the homework questions on your own, you can do well on all the milestones. ","The most frustrating part of this project is designing the backend without knowing how it can be translated into the front-end. Like password-hash, I was told to never store passwords in plain text, but when we first designed it, I thought we needed to do that because we were not sure how the hash function worked. ","I think coding wise everything is pretty in expected. We apply pretty much everything we were taught in class, did not use anything outside the range. The last milestone is harder you have to google a lot try to understand how the CTEs and subqueries works. ","I prefer to do this project individually because SQL can be hard to cooperate with. It is not like regular code, you can connect to GitHub, and everyone can push stuff. Someone has to finish the first part so other people can do the rest, but sometimes it can be hard to distribute the work evenly, especially when a teammate doesn't share their work on time. ","Communication is the key to teamwork. Always check how your teammate is doing, help them if they need it, their performance will also affect your grade. Make sure you understand every part of the homework so you can use that knowledge well in the final project. "
3/16/2026 14:17:23,0,2,Agree,Strongly Agree,Neutral,Strongly Agree,Strongly Agree,Strongly Agree,Agree,Agree,Agree,Agree,Agree,Agree,Strongly Agree,Strongly Agree,Strongly Agree,Strongly Agree,Strongly Agree,4-6? ,One moment when the tool helped me understand SQL better was when I was trying to write a query and wasn’t sure why it wasn’t working. The tool helped explain what was wrong and how SQL logic works.It helped me feel more confident when working with SQL.,"The most frustrating part was when my SQL wouldn’t work even after I tried different things. Sometimes the query looked correct, but it still gave an error or the wrong result. It was frustrating because it was hard to know exactly what went wrong. Small mistakes in syntax or logic could break the whole query.","One thing I didn’t expect to learn was how much thinking goes into designing the database structure before even writing queries. I used to think SQL was mostly about writing commands, but this project showed me that schema design is just as important. You have to think about how data connects and how the system will actually be used.","no, i had amazing team! after this project i found out team project wasnt bad at all","One thing I would tell future students is to start early and spend time understanding the schema before writing queries. It really helps to think about how the tables connect and what each column represents. I would also suggest testing queries step by step instead of writing a very long query at once. If something doesn’t work, try breaking it into smaller parts to see where the problem is. Talking with teammates and comparing approaches is also very helpful because different people may notice different issues."
3/16/2026 16:46:11,3,5,Agree,Agree,Strongly Agree,Agree,Disagree,Strongly Agree,Strongly Agree,Agree,Strongly Agree,Strongly Agree,Agree,Strongly Agree,Strongly Agree,Strongly Agree,Agree,Strongly Agree,Strongly Agree,3,"The frontend was most useful for actually seeing results not as just a table, but how users would see the returned values. This more intuitive understanding of what the system needed from the database helped me to understand how to design the database and implement features.","Sometimes we would get feedback on a milestone that didn't actually help us identify the mistake we made. I think this is the balance of open-ended vs strict assignments: strict means easier to grade due to less variability, whereas open-ended allows more student creativity but is ultimately more work to grade.",Assessing user needs by actually behaving as the user was a big part of what I learned from working with the frontend while designing the backend.,Yes. This project really wasn't that involved/difficult if you followed along with course content. I understand how this would then put pressure on a more strict final output to make assessing 70 students easier.,"Read the milestone spec thoroughly, but then remember to ask the teaching team questions when you are confused. This class can be a lot of new knowledge for most students, and you will struggle if you don't use your resources. And don't use AI, you won't retain anything and will flounder when you get to the real world; this project is such a great opportunity to understand a real world implementation of databases."
3/16/2026 17:56:10,2,3,Neutral,Disagree,Neutral,Neutral,Neutral,Neutral,Neutral,Neutral,Neutral,Neutral,Neutral,Agree,Agree,Neutral,Neutral,Neutral,Agree,3,"When I was trying to figure out how to structure the relationships between tables, the tool helped me visualize how foreign keys connect entities. Seeing the schema laid out visually made it click in a way that just reading about normalization didn't.","Debugging queries that returned unexpected results — especially when joins produced duplicate rows or NULLs I didn't anticipate. It was hard to tell whether the issue was in my schema design or the query logic itself, which made troubleshooting take much longer than expected.","I didn't expect to care about data types as much as I ended up having to. Choosing between VARCHAR lengths or how to store dates seemed trivial at first, but small decisions like that had real downstream effects on query behavior and storage.","No, working with a teammates was actually valuable. Talking through schema decisions out loud helped catch design flaws early. When one person gets tunnel vision, the other can push back and ask ""why are we storing it this way?""","No — working with a partner was actually valuable. Talking through schema decisions out loud helped catch design flaws early. When one person gets tunnel vision, the other can push back and ask ""why are we storing it this way?"""
3/16/2026 18:41:20,3,3,Strongly Agree,Strongly Agree,Strongly Agree,Agree,Agree,Strongly Agree,Strongly Agree,Strongly Agree,Strongly Agree,Strongly Agree,Strongly Agree,Strongly Agree,Strongly Agree,Strongly Agree,Strongly Disagree,Neutral,Strongly Agree,6-8 hours,"One moment where the tool really helped me understand SQL was when we were structuring relationships between tables in our schema. While designing the database, I initially thought of tables more like separate spreadsheets. However, when we started writing SQL queries that required joining tables together, I realized how important primary keys and foreign keys were for connecting data. Using the tool to visualize or test queries made it clearer how relationships between tables work and why normalization matters. It helped me see how a well-designed schema makes queries simpler and more efficient.","The most frustrating part was debugging SQL queries when they weren’t returning the expected results. Sometimes the issue was a small mistake, such as an incorrect join condition or missing filter, but it could take a long time to figure out what exactly was wrong. SQL is very precise, so even a small error can cause unexpected outputs. This process was frustrating at times, but it also forced me to carefully analyze how the data was structured and how queries interact with that structure.","One thing I learned that I didn’t expect was how much schema design impacts everything that comes later. I initially thought writing queries would be the hardest part, but I realized that if the schema is designed well, many queries become much easier to write. This project showed me that database design is not just about storing data, but about anticipating how the data will be used in queries and applications.","No, I would not have preferred to do the project individually. Working in a group helped because everyone brought different perspectives and approaches to solving problems. Sometimes one person would notice a schema issue or query mistake that others missed. Collaboration also made it easier to divide tasks such as designing tables, writing queries, and testing the database.","I would encourage future students to spend more time planning their schema before starting to write queries. It can be tempting to jump straight into coding, but having a clear schema with well-defined relationships makes the rest of the project much easier. I would also recommend testing queries early and often instead of waiting until the end. Finally, treating the project like a real system design problem rather than just an assignment helps make the experience much more meaningful."
3/16/2026 18:42:56,2 high school level python class.,4,Strongly Agree,Strongly Agree,Strongly Agree,Strongly Agree,Strongly Agree,Strongly Agree,Strongly Agree,Strongly Agree,Strongly Agree,Strongly Agree,Strongly Agree,Strongly Agree,Strongly Agree,Strongly Agree,Strongly Agree,Strongly Agree,Strongly Agree,30,"One moment was when I was trying to understand how tables should connect using primary and foreign keys. The tool explained how relationships work between tables, which helped me see how the schema should be structured.",The most frustrating part was debugging SQL queries. Sometimes the queries would not work and it was hard to figure out what small mistake was causing the error.,I did not expect to learn how important database design is before writing queries. I realized that a well-designed schema makes writing SQL much easier.,No. Working in a group helped because we could share ideas and help each other when someone got stuck.,"Start the project early and spend time planning the database schema before writing SQL queries. A clear schema will make the rest of the project much easier. It also helps to communicate often with your group so everyone understands their tasks and stays on track. Don’t wait until the last minute to test queries, because debugging takes time. Asking questions and using feedback during the milestones can also really help improve the final project."
3/16/2026 19:30:23,1,2,Agree,Strongly Agree,Agree,Agree,Neutral,Agree,Strongly Agree,Agree,Strongly Agree,Strongly Agree,Neutral,Agree,Strongly Agree,Agree,Strongly Agree,Strongly Agree,Strongly Agree,3 hours,I think the SQL Lab really helped me to understand how SQL codes connect to the front end of the chat app. We had to test each SQL to see if it works in our app and it helped us to automatically check for errors we had. We learned a lot through the process.,The most frustrating part was coming up with SQLs that works efficiently. There were some code that were really challenging and it took time to edit them and make them work.,I didn't expect to have an analytical milestone after we completing the implementation of the schemas onto the website. I learned how the system could be tested after populating the data into our database.,I think it is better to do this project in group because we can then communicate ideas with each other and improve on the SQL together.,The project is straightforward and I learned a lot from it. If you are stuck on any parts of the project or have any questions remember to ask the professor or the TA. They are really helpful and helped me to understand the project better.
3/16/2026 19:34:21,1,3,Agree,Neutral,Neutral,Agree,Neutral,Agree,Agree,Agree,Agree,Agree,Agree,Neutral,Agree,Neutral,Agree,Agree,Agree,"me personally, 2-3 hours","One moment when the tool really helped me understand SQL and schema design was when I got stuck trying to write queries for my database project. At first, I understood the general idea of SQL, but when I actually had to connect tables, use foreign keys, and write queries that matched my schema, I started getting confused. I especially had trouble knowing how tables were supposed to relate to each other and why certain queries were not giving me the results I expected.

The tool helped by breaking things down step by step. Instead of just giving me an answer, it explained why a query worked, how joins connected tables, and what role primary keys and foreign keys played in the structure of the database. That made schema design feel a lot less abstract. I started to see that schema design is not just about making tables, but about planning how data is organized so queries can work correctly and efficiently.

This was helpful because it changed the way I approached the assignment. I stopped guessing and started thinking more carefully about relationships between entities and how the schema supports the queries I want to run. That moment made SQL feel much more understandable and practical to me.","The most frustrating part was when I knew what I wanted the query to do, but I could not figure out why it was not working. Sometimes a small mistake in the schema, table relationships, or SQL syntax would cause the whole query to fail or return the wrong result. That was frustrating because it felt like I understood the idea in my head, but translating it into the correct SQL statement was much harder. It was especially difficult when multiple tables were involved, because one wrong join or missing condition could completely change the output.","Something I learned through this project that I did not expect to was how much schema design affects everything else. I kind of thought the main hard part would just be writing the SQL queries, but I realized that if the schema is designed well, the queries make a lot more sense and are easier to write. I also learned that small details, like how tables connect or where a foreign key goes, can make a big difference. That stood out to me because it made me see databases as more than just storing data, it is also about setting things up in a way that actually makes the data useful.","No, I feel like if it was alone it would be a lot with my other classes, it also wouldn't have you talk with others about class material and how to apply it which is effective practice for real world jobs and teams","I would tell future INFO 330 students not to wait until the last minute to really understand their schema, because that part affects everything else in the project. It is easy to focus only on getting the assignment done, but the project makes a lot more sense when you slow down and actually understand why your tables, keys, and relationships are set up the way they are. I would also say to ask questions early, test your SQL often, and not get discouraged when something does not work right away. A lot of the learning comes from fixing mistakes and seeing why a query or design choice was wrong. Also, do not treat each part like it is separate, because the schema design, normalization, and SQL all connect. Once that clicked for me, the project felt way more manageable."
3/16/2026 19:41:36,0,4,Neutral,Agree,Strongly Agree,Agree,Strongly Agree,Agree,Agree,Strongly Agree,Neutral,Agree,Agree,Strongly Agree,Strongly Agree,Strongly Agree,Strongly Agree,Strongly Agree,Strongly Agree,3-4 hours per milestone ,"The moment that helped me the most was definitely the login query, I never really made the connection between a query and actively using it to perform a function. I always just viewed queries as a way to look at specific dat but this allowed me to see how it could be used in a practical application. ","The most frustrating part of this project was that the SQL Lab database would not save the queries that we had inserted, and we would have to re-paste in our queries every time we wanted to use the frontend of the lab. ",I learned about how applications can use queries to help with function of the application. I thought queries were used only to view data through different constraints. ,"Yes, I did the majority of the SQL coding and it was difficult collaborating on making the queries.","Start the SQL coding milestone parts early and work on it individually before comparing your code with the rest of your group. Make sure you read the feedback carefully and implement the feedback before moving on to the next milestones, it makes the project a lot smoother. "
3/16/2026 20:33:12,1- AP computer science - JAVA,"4-5 Python, R, JAVA",Strongly Agree,Strongly Agree,Strongly Agree,Agree,Strongly Agree,Strongly Agree,Agree,Strongly Agree,Strongly Agree,Agree,Strongly Agree,Strongly Agree,Strongly Agree,Strongly Agree,Agree,Strongly Agree,Agree,8-9,"For me, a moment was Mile3 work, When I was testing queries in SQL Lab, if a query fails to return the expected results, the tool allows me to quickly run different versions of the query and observe how Joins, Filters, and Limits affect the output. Being able to see the results update in real-time helps me understand exactly how relationships between tables function in practice.","During this quarter 330 study and work process, I think most frustrating part is teamwork sometimes. Since I cannot guarantee that every team member will be 100% committed to every milestone—whether by arriving late to group meetings or contributing insufficiently to specific milestones—the subsequent work often becomes significantly more difficult.","I think is ERD, It is of paramount importance to design an ERD before writing any SQL queries. Previously, I focused primarily on writing the queries themselves; however, through further study, I realized that if the ERD and the relationships between tables are not clearly defined, the resulting SQL logic becomes extraordinarily complex. Drawing an ERD helped me understand how entities, primary keys, and foreign keys construct data structures, as well as how they govern the relationships and connections between different tables.","Yes, because I think this is the fairest approach, even though the teamwork process itself was great. During the team project, as I said before, you can't make sure everybody focus on 100% energy and responsem, but grading is for all group.","My advice is students should review fundamental database concepts prior to the commencement of the project. Gaining a preliminary understanding of ERD, primary keys, foreign keys, and basic SQL queries will enable participants to grasp the project content more easily. If circumstances permit, providing a brief introductory training courses before the project launches would help participants establish a solid foundation, thereby allowing them to engage in the project with greater confidence."
3/16/2026 20:55:14,0,7,Agree,Agree,Agree,Agree,Agree,Agree,Agree,Agree,Agree,Strongly Agree,Strongly Agree,Strongly Agree,Agree,Strongly Agree,Strongly Agree,Strongly Agree,Agree,3-4,"The backend query helped me better understand SQL and schema design. I started writing it in Milestone 1 using very basic code. As we learned more SQL concepts, I kept improving it through about four versions until it became a cleaner and more efficient query.","The most frustrating part was designing the tables. There were many things to think about. If I added too many attributes, there could be redundancy. If I added too few, the schema might not support all the functions.","One thing I learned was how teamwork works in a real project. Before, teamwork usually meant everyone just did their own part. In this project, one person also needed to integrate everyone’s work and check if everything worked together.","No, I would like to do it in a group. If I worked alone, I might doubt my own design and decisions. Working in a team helped because others could double-check the work and give feedback, which made the final result more reliable.",Start early and work with a good team. Think creatively and consider edge cases when designing your schema and queries. Use a human-centered mindset and imagine how real users might interact with the system.
3/16/2026 20:58:43,2,5-10,Agree,Neutral,Agree,Agree,Agree,Agree,Agree,Agree,Agree,Neutral,Agree,Agree,Strongly Agree,Agree,Neutral,Agree,Agree,2-3 hours,The most helpful tool for me was the ERD's and drawing out all the attributes within each entity. Then connecting each entity with a relation and the cardinal points made was really helpful for me in understanding how databases are connected. This really helped with my  understanding of Primary keys and Foreign Keys as seeing everything in one image helped me visualize the database. ,"The most frustrating part was building the database in milestones 1, 2 and 3. It felt like there was always something that we were missing/had wrong because we didn't go in depth enough. Although the SQL for milestones 2 and 3 wasn't extremely difficult, it was making sure everything was aligned and functioning that made it frustrating. ","Something I learned through this project the importance of thoroughly planning when designing a database. I had believed that the SQL would be some of the most complex parts of this project(which it was), but I underestimated how complex designing/building the database would be. It has to be extremely specific and everything has to be aligned for the database to be successful/functional. ","No. I enjoyed having the project be a group project. Even though the first few milestone were difficult to work with others, having other people made it so we covered all the bases on the requirements for our milestone. As we each viewed it a little differently, we were able to cover more since we could point out things that we noticed someone else missed. ","I would tell them to not underestimate the amount of preparation it takes on the first couple milestones, as they are the base for the rest of the SQL they will have write eventually. They can worry about writing the SQL code later and focus on creating a good base for the SQL. "
3/16/2026 21:57:27,None,"INFO201,CSE160, CSE163",Strongly Disagree,Strongly Disagree,Strongly Disagree,Agree,Agree,Agree,Strongly Agree,Agree,Strongly Agree,Agree,Agree,Agree,Agree,Agree,Agree,Strongly Agree,Strongly Agree,5,"One moment that really helped me was when I used the tool to think through indexing and query performance. Before that, I mostly focused on writing queries that “worked,” but I didn’t think much about how the database actually executes them. Seeing how EXPLAIN plans changed with and without an index helped me understand why schema design and indexing decisions matter. It made SQL feel less like just syntax and more like system design.","The most frustrating part was sometimes not knowing whether my design choices were “correct” or just “acceptable.” Schema design can be ambiguous, and different approaches can technically work. It was hard to know when to stop optimizing and just move forward. I think that uncertainty was the most challenging part.","I didn’t expect to learn how much database design connects to bigger ideas like governance, reliability, and real-world system constraints. I thought it would mostly be about SQL queries. But I realized that performance, access control, and data responsibility are just as important as writing correct code.","No, I wouldn’t have preferred to do it individually. Working in a team helped me see different ways of thinking about schema design and problem solving. When I got stuck, discussing ideas with teammates made things clearer. It also felt more realistic, since database work in real companies is usually collaborative.","I would tell them to start early and really try to understand the “why” behind each design decision, not just complete the requirements. Don’t treat SQL as just syntax — think about performance, scalability, and real-world use cases. Also, talk through your ideas with your team. Explaining your reasoning out loud helps you understand it much better."
3/16/2026 21:59:25,"Only one, AP computer science priciples",The 12x series,Agree,Agree,Strongly Agree,Agree,Neutral,Neutral,Agree,Agree,Strongly Agree,Agree,Strongly Agree,Neutral,Neutral,Agree,Neutral,Agree,Agree,maybe 4,"The tool helped me understand schema design in the very beginning during milestone 1. When checking the backlogs we saw what queries we need to do, there was also a list of required columns. This proved to be beneficial when we had to plan our schema.",The most frustrating part was that sometimes the things that we did on the SQL chat app did not pass into our pgadmin. I had to restart my laptop and it somehow ended up working.,I learned about data populating towards the end when we had to populate our database. I had not expected that I would learn about it.,No. I think that having a group was beneficial to the success of my project.,I would tell them to get started on milestones early or at the very least read the instructions early so you know how much work each week will be. I would also say that you should meet with your group as early as you all can because you never know if you need to ask the professor or TA something .
3/16/2026 23:29:32,1,3,Agree,Agree,Agree,Agree,Strongly Agree,Agree,Agree,Neutral,Agree,Neutral,Agree,Neutral,Disagree,Neutral,Agree,Strongly Agree,Strongly Agree,2,A moment the the tool helped me understand SQL or schema design was during the part when we used parameters to pass the 11 tests in the backend lab; I learned how the user interface coordinates with the columns we code and how to work around our specific schema when it didn't match the parameters used by the app. ,"The most frustrating part was figuring out whether or not to change our database after populating it when we found that some of our columns are not necessary for the project and had constraints that could limit what our database can do. This is because we didn't want to make major changes to the core of our schema after becoming familiar with it, as changing one detail would impact multiple tables and maybe create update or delete anomalies (Ex: using user_id or username for primary key).","I didn't expect to learn about testing the database with random samples of input, as it made the project feel more personalized and applicable to real life. I also didn't expect to learn about the components of a chat bot, which is something I use on a daily basis. ","No; there are times when my teammates and I would struggle with our parts and give each other support, and I liked the team environment that made the project feel less overwhelming. I also enjoyed communicating and working with my team, as well as the positivity and interaction they brought to an online course. ","To follow the steps to the letter from the beginning, as mistakes can pile up and become rooted in your schema that would complicate matters by the end. Also, be a responsible teammate and communicate well with your team, it is much more efficient when everyone is clear on their tasks and understand the entirety of each milestone. "
3/17/2026 0:06:02,2,4,Strongly Agree,Strongly Agree,Strongly Agree,Strongly Agree,Agree,Agree,Agree,Agree,Strongly Agree,Strongly Agree,Agree,Agree,Agree,Agree,Neutral,Agree,Agree,6,The Postgres SQL tool / IDE helped me to see the data structure as well as seeing the data under that structure. Programming in the environment give me first hand experience in understanding database design and programming.,"In the midterm, I was a bit confused between part 1 and part 2. For example, I have defined primary keys / surrogate keys, however in part 2, I was under the impression I can only play with the data elements given, but at the later part, part 2 indicated I can use surrogate keys, but at that point, it was too late to change the design, so I had to struggle with composite key from my design which made the SQL programming more complicated, but overall it was interesting while challenging.","The design choice matters a lot. Once a design is made, it kind of dictated the later steps. In our design, we choose username vs user id as key and that deviated from some of the projects templates so we had to adapt to the requirement using our own design which took a lot of time in our milestones.","It is yes or no to me, by saying yes, I think I could be doing more work at the same time which means being a little more efficient. By saying yes, I appreciate working in a group and learning how others look at the problem.","Design choice can dictate future implementations. Once its set up, it is hard to change down the road and a misstep will make things a whole lot harder. The best thing to do is to create good design upfront to avoid revisions and rework."
3/17/2026 1:39:25,2,3,Strongly Agree,Agree,Agree,Agree,Agree,Agree,Strongly Agree,Strongly Agree,Strongly Agree,Strongly Agree,Strongly Agree,Agree,Neutral,Strongly Agree,Neutral,Neutral,Strongly Agree,5 hours,"When we used the chat app as a test harness and saw that the app would only work if our tables, keys, constraints, and query outputs matched exactly what the frontend expected. That made SQL feel much more concrete to me.","The most frustrating part was the integration and debugging stage, when our SQL had to match the app exactly. A query could be logically correct in pgAdmin, but still fail in the app if the output columns, aliases, or workflow did not match what the frontend expected.",One thing I didn’t expect to learn through this SQL project was how closely database design connects to data governance.,"I would have preferred to do this project individually because a lot of the work required close attention to detail, and I felt it was harder to maintain consistency when the work was split across multiple people.","Start early and do not treat this project like a normal SQL worksheet. The hardest part is not just writing queries, but making your schema, constraints, and query outputs match the app.
Also, I would say that each milestone requires a different mindset, so do not approach the whole project the same way. For Milestone 1, take the design stage seriously. The project is very clear that good databases start with good design, and if you rush the ERD and constraints, you will end up rewriting tables later. This is the time to really understand cardinality, optionality, keys, and what rules should be enforced by the database.
For Milestone 4, test constantly in both pgAdmin and the app. This was probably the biggest shift in the project, because SQL stops being isolated practice and becomes the actual backend of the app. A query may look correct by itself but still fail if it does not match the app’s expected output exactly."
3/17/2026 3:12:11,0,4,Strongly Agree,Strongly Agree,Strongly Agree,Agree,Strongly Agree,Strongly Agree,Strongly Agree,Strongly Agree,Agree,Strongly Agree,Agree,Strongly Agree,Strongly Agree,Strongly Agree,Strongly Agree,Strongly Agree,Strongly Agree,2-3,"From the last milestone, a moment when the tool helped me was when I was trying to get the latest messages in the right order. My query worked, but the order was backwards. The AI helped me realize I needed a nested query to first get the newest messages, then reorder them. That made SQL ordering make a lot more sense to me.","The most frustrating part was the SQL lab because it wouldn’t save your work when you left the page. That meant I had to keep copying and pasting my queries every time, which got really annoying and broke my focus. It made the process feel more repetitive than it needed to be.",Something I didn’t expect to learn was how important doing things like ERDs at the start really is for setting up a good project. It made everything way easier once we actually started writing SQL. I also didn’t realize how powerful SQL statements are and how much of the app’s functionality they handle behind the scenes.,"No, because my team was great. We didn’t know each other before, so it ended up being one of the only times I got to consistently talk to people from class. It was fun meeting and working with them, and it made the project more enjoyable overall.","I would say that the beginning of the project is really important, so try to do everything as well as you can early on. Also, take the feedback seriously and actually use it, especially since you get chances to resubmit, and don't be afraid to talk to the professor about what the wrote. That early effort and feedback ended up setting us up way better for the rest of the project."
3/17/2026 4:08:36,3,1,Strongly Agree,Strongly Agree,Strongly Agree,Strongly Agree,Strongly Agree,Strongly Agree,Strongly Agree,Strongly Agree,Strongly Agree,Strongly Agree,Strongly Agree,Strongly Agree,Strongly Agree,Strongly Agree,Strongly Agree,Strongly Agree,Strongly Agree,12,"One moment that helped me understand SQL better was when we started running queries in pgAdmin and actually seeing the results change after we inserted new rows into the database. It made me realize how the schema design and table relationships affect how queries work. For example, when joining tables, I could see how the foreign keys connected the data and why those relationships were important when retrieving information.","The most frustrating part was debugging SQL queries in pgAdmin when something didn’t work but the error message wasn’t very clear. Sometimes it was something small like a typo in a column name or a join condition that was missing. It could take a while to find the problem, especially when the query looked correct at first.","One thing I didn’t expect to learn was how important database structure is before writing queries. At first I thought SQL was mostly about writing the queries themselves, but this project showed me that if the schema is designed well, the queries become much easier to write and understand.","No, I think doing the project in a group was helpful. Since there were different tasks like designing the schema, writing queries, and documenting everything, it made it easier to divide the work. Also, discussing the schema with teammates helped us catch mistakes and think about better ways to structure the database.",I would tell them to spend time understanding the schema and relationships before jumping into writing SQL queries. Using pgAdmin to test queries and look at the tables helps a lot when trying to understand how the database works. I would also recommend starting early because debugging queries and fixing schema issues can take longer than expected.
3/17/2026 4:34:50,0,3,Strongly Agree,Agree,Strongly Agree,Strongly Agree,Strongly Agree,Strongly Agree,Strongly Agree,Strongly Agree,Strongly Agree,Strongly Agree,Strongly Agree,Strongly Agree,Neutral,Strongly Agree,Agree,Agree,Agree,3,It helped me understand how tables should connect using primary keys and foreign keys when we were designing the chat app schema. I think it made it clearer why separating tables helps avoid duplicate data.,"I was a bit confused about the SQL chat backend queries at first because I didn’t know how they worked or how to test them to pass the schema test. After trying a few times, I eventually understood how they worked.",I think that designing the database structure is actually more important than writing the SQL queries. A good schema at the start makes everything else much easier.,"Yes, because it would be more flexible with my timeline and work pace. However, working in a group was still helpful when we are solving problems together.","Start early and make sure everyone on the team understands the schema before writing queries. This will save a lot of time later. It’s also important to stay on the same page, if someone changes a table or column name, the team should cross-check and communicate. Before running anything in the shared SQL team database, make sure it’s correct and let the team know to avoid breaking others’ work."
3/17/2026 7:57:53,2,4,Agree,Agree,Agree,Strongly Agree,Neutral,Agree,Agree,Strongly Agree,Strongly Agree,Agree,Agree,Neutral,Agree,Agree,Neutral,Agree,Strongly Agree,"On average, I spent around 2-3 hours on each milestone.","A moment when the tool helped me better understand SQL was when I was trying to visualize how the data would look before it was updated in the database. When running it in pgAdmin, I was able to see the table results in a very clear, structured way. This helped me better understand what my raw code was actually producing, and helped me identify errors much quicker. ","I think the most frustrating part was trying to figure out how to debug SQL errors and trying to get the queries to run successfully in the database. I found it particularly frustrating because sometimes the output box wouldn't tell you what the error was, and if it did, it would be too vague to know exactly what to fix. However, it was manageable and all errors were eventually able to be resolved with trial and error. ","While working on this project, I learned how to apply both my current and learned knowledge on databases to a real application. Initially, I was only expecting to learn the concepts and work with examples in class, not create a whole database based on a real world example.","I don't think I would have preferred to do this project individually, since I personally think working with others on handling more complex errors/projects is more enjoyable and much more efficient when trying to debug and brainstorm. ","Moving forward, my message/advice on how to better engage with the project would be to be proactive with errors you and your group receive. I think it's good to work through them with others in your group, but sometimes you don't learn as much when you subconsciously ""solve"" them. If you wanted to better engage, it would be best to try to individually learn to fix the error and then come together so everyone is learning.   "
3/17/2026 10:04:28,1,4,Agree,Strongly Agree,Strongly Agree,Agree,Neutral,Strongly Agree,Strongly Agree,Strongly Agree,Agree,Agree,Neutral,Strongly Agree,Strongly Agree,Strongly Agree,Strongly Disagree,Agree,Strongly Agree,Individually it could range anywhere between 2 - 4 hours,"When there were columns we originally included that were unnecessary so we had to recreate our tables. It made me realize I needed to not only think through what was needed to make sure I wasn't missing anything, but to look back at the columns I came up with and cut out anything that isn't.","pgAdmin was very slow, for each line I typed and ran it would lag and this caused a lot of frustration for my team.",The connection between the user version of the app that we see to all of the tables and queries running in the background.,"No, I think it would make it too much of a workload. However, I think at times splitting up the milestones was hard because it was in steps that depended on each other so one person would end up doing majority of the milestone.","Keep track from the beginning of every single change they make to their database and code so they don't have to try to remember it later. Also, to spend a lot of time making their ERD and planning the database so there is less to change later. "
3/17/2026 11:05:45,1,4,Agree,Strongly Agree,Agree,Agree,Neutral,Agree,Agree,Neutral,Agree,Agree,Neutral,Strongly Agree,Agree,Neutral,Disagree,Agree,Agree,5,"Using the tool helped me determine which tables and columns to use in my database design. It makes it easy in  a way that I can keep the flow of the database schema, and able to connect the tool with my pgadmin was very helpful to see the table, the user name I assigned is right or not","milestone one and two, deciding and implementing what kind of table structure and table relationships I should use. knowing that the first part is the foundations of the rest of the database it was frustrating not to mess it up and redo it.","Team works, and also I didn't know that database was this sophisticated and deep. I have studied by my one pace before just the general create, insert ,delete , and update database but here the different constraints and its usage, the index, and making the business rule and ERD. it was very great.","I wouldn't have learned a lot from my teams, we had arguments and discussions that helped me to see it differently. so working in teams as on this project is very helpful. And also, it is a lot to handle by just one person.","Attend class properly, ask the right questions, and start working with your teammates as soon as possible.  Don't skip the first one; it is the foundation of everything. Try to understand and minimize your usage of AI. "
3/17/2026 14:26:56,1,3,Agree,Agree,Strongly Agree,Agree,Agree,Strongly Agree,Strongly Agree,Neutral,Agree,Agree,Agree,Agree,Agree,Neutral,Agree,Agree,Agree,6,"It was when I used the tool to connect users, channels, and messages. At first, I knew the basic idea of users, channels, and messages, but I did not fully understand how they should relate to each other in a database. When I worked through the project, I started to see why foreign keys matter and how a good schema makes queries easier. ","For me, the most frustrating part was debugging SQL. Sometimes the problem was very small, like a missing comma, a wrong column name, or a join that did not work the way I expected.","One thing I learned is that schema design affects everything later, I did not expect it to matter so much at first, and if schema is not clear, writing queries could be much harder.","No. Working in a group was helpful because we could divide the work, do some cross checks, and solve problems faster together.","I think starting everything early is important, this project takes more time than it first seems, especially when testing and debugging, and I would also tell them to really understand their schema before writing too many queries, because that will save a lot of time later."
3/17/2026 15:58:25,1,6,Agree,Strongly Agree,Strongly Agree,Agree,Strongly Agree,Strongly Agree,Agree,Strongly Agree,Agree,Strongly Agree,Strongly Agree,Strongly Agree,Strongly Agree,Strongly Agree,Agree,Strongly Agree,Strongly Agree,3,The tool helped me understand how to change the names of variables for readability and to match the csv file in order to populate my database. The tool also helped me visualize my assigned primary keys and how well they worked in the database.,A frustrating part of this tool was being able to see the user's password after the account had already been created because it was hard to keep track of all of them (I did not realize that I should have written them down because I thought they would be stored somewhere visible in the database).,One thing I didn't expect to learn was how to track which users responded to each other the most and the timing between messages in specific channels. ,"No, because when myself or a groupmate were confused we were able to help each other understand the issue. We helped teach each other the content and were able to use our collaboration skills.","I would want them to know that creating separate tabs in a google doc to separate instructions, work, and submission for each milestone is very helpful for organizing each milestone and keeping track of work."
3/17/2026 17:25:39,0,5,Agree,Agree,Agree,Agree,Neutral,Neutral,Neutral,Agree,Agree,Agree,Neutral,Neutral,Neutral,Neutral,Agree,Agree,Agree,2,"One moment when the tool really helped me understand SQL and schema design was when I added the reactions feature to the database. At first, I was not sure how to store multiple reactions for each message without duplicating data. By using the ERD tool, I realized I needed to create a new table (message_reactions) and use a composite primary key. This helped me understand how to model a many-to-many relationship between users and messages. It also made me see how foreign keys connect tables and keep the data consistent.","The most frustrating part was deciding how to extend the existing schema without breaking the original design. For example, when adding features like threads and soft-delete, I was unsure whether to create new tables or modify the existing chat_inbox table. It was difficult to balance keeping the schema simple while also supporting new functionality. This process was frustrating because small design decisions could affect many parts of the database, but it also helped me better understand how schema changes impact the whole system.","One thing I learned that I didn’t expect was how important small design decisions are in database schema design. For example, choosing to add a self-referencing foreign key for threads instead of creating a new table made the schema much cleaner and easier to manage. I didn’t realize before that a simple change like this could greatly affect the flexibility and complexity of the whole system. This project helped me understand how thoughtful design can simplify both SQL queries and future features.",yes,"I would tell future students to spend more time planning their schema before writing SQL. It is very easy to jump into coding, but having a clear ERD from the beginning makes everything much easier later. I would also suggest thinking about how new features might be added in the future, because a flexible design can save a lot of time. Finally, testing queries early and often helps catch mistakes and better understand how the database works."
3/17/2026 17:27:34,0,6,Agree,Agree,Agree,Agree,Agree,Strongly Agree,Strongly Agree,Agree,Agree,Agree,Strongly Agree,Neutral,Disagree,Agree,Strongly Agree,Agree,Disagree,3,"One moment where the tool really helped me understand SQL and schema design was when I ran into an error saying that a query needed to return a column named “password.” I was confused at first because I knew my query was correctly pulling the password hash from the users table. After tracing the issue through SQL Lab, I realized the problem wasn’t the data itself, but that the app expected the column to be named exactly “password.” Fixing it by using password_hash AS password helped me understand how important it is for queries to match what the application expects, not just what makes sense in the database. It also showed me how SQL can be flexible without needing to change the entire schema. That moment made things click for me in terms of how the database and the app have to work closely together.","Getting my teammates to engage with the project. For one milestone, I was so tired of texting them that I just did a whole milestone myself (milestone 4) and they didn't even thank me or acknowledge it at all.",How naming schemes matter a lot when testing. Often there were bugs in the SQL lab because the names in Lab were different than the ones I made for my own tables.,"Absolutely because the project instructions were structured in a way that better suited an individual rather than a group. The workflow felt like one continuous sequence instead of clearly defined checkpoints, which made it difficult to divide the work evenly. As a result, the task splits weren’t concrete enough, and overall, the project seemed more manageable to complete independently. Also, the async nature of the class prevented me from keeping teammates accountable and responsible for staying engaged.",Speak out early to your professor or TA if your teammates are not contributing or communicating effectively. It is much easier to address issues early on than to try to fix them right before deadlines when the workload is higher and stress is worse. 
3/17/2026 18:11:28,2,5,Agree,Agree,Agree,Agree,Neutral,Agree,Agree,Agree,Agree,Strongly Agree,Strongly Agree,Strongly Agree,Strongly Agree,Agree,Strongly Agree,Strongly Agree,Strongly Agree,2 hours (3 when we had to fix any issues),One moment that clarified the SQL and Schema design for me was when I used the tool to reason through the difference between storing username directly in the chat inbox table versus storing only user_id and joining later. It helped me see why schemas are built around permanent identifiers and why redundancy creates long-term problems.,"The most frustrating part was debugging SQL lab queries in Milestone 4. The app was rather strict and exact behavior, so even tiny mismatches caused the feature to fail. It wasn't conceptually too demanding but it did feel tedious at times, though I do appreciate the strictness of the lab ensuring that we got things right.","I didn't expect to learn how much insight you can extract from a relatively small dataset just by righting the right SQL Milestone 5 especially showed me how joins, grouping, and timestamps, can reveal patterns in user behavior like response times, shared channels, and activity levels. ","No. I think that students often put too much emphasis on themselves to complete work in academic settings. This is because it's much ""safer"" too simply manage the time on your own and fill out the work accordingly without having to worry about teammate contributions. But I think that when we do enter the industry not working on these communication and collaboration skills is going to do more harm than good because we often look at things solely from an academic ""grade"" perspective and not from the perspective of adopting applicable skills and teamwork. I think it'd be great to keep these projects as a group effort.","I'd tell future students to treat the early milestones very seriously, despite them being the slower ones they are the most important as they set the foundation for the future work you will do in the later milestones. Having a clean and clear schema early makes everything later much easier."
3/17/2026 18:21:38,2,5-6,Neutral,Agree,Agree,Agree,Agree,Agree,Agree,Agree,Agree,Agree,Agree,Agree,Neutral,Agree,Neutral,Agree,Agree,Each milestone varied but typically 2-4 hours.,"When we connected our database to the chat app and saw the queries change the app in real time, it really helped me understand SQL better. For instance, when we wrote the query that loads messages into a channel, it made me realize how important the exact column names, joins, and order are. The app wouldn't work if something was off by a little bit. I learned how the schema design and SQL queries work together to run the frontend by seeing the messages show up in the app after I put them in the database.","The most annoying part was when something in the app didn't work but the SQL looked fine. Sometimes the problem was something small, like a column name not matching or a missing constraint, but it would still make the app fail. It might take some time to find out where the problem really was. It was annoying at first, but it also made us think more carefully about how we wrote the queries and designed the tables.","I didn't expect to learn how strict the database schema needs to be for an app to work right. I used to think that databases were mainly for storing data, but this project showed me that they also enforce rules that keep the app running smoothly, like foreign keys and constraints. I also didn't know how important indexing is for getting messages from a channel quickly.","No, I think it was good that we did it together. When you're debugging or designing the schema, SQL can be hard, so it was helpful to have teammates to bounce ideas off of and find mistakes. There were times when someone else saw a problem in the ERD or SQL that I didn't see. It was also easier to test the app with a lot of people sending messages and joining channels when we all worked together.","I would tell future students who are doing this project to take their time learning the schema and ERD before they start writing SQL. At first, it was tempting to just write queries, but it got a lot easier when we made sure our tables, keys, and relationships were all clear. A good schema will save you a lot of time in the future.
Before using the chat app, I would also suggest that you test things out in often. Queries 
Also, I would say to use the app while you are making the database. We learned what the app wanted from the database by posting messages, joining channels, and making users. It made the project feel much more real to see the data move between the app and the database. It helped everything come together."
3/17/2026 18:43:04,1,1,Agree,Agree,Strongly Agree,Agree,Agree,Strongly Agree,Neutral,Disagree,Agree,Agree,Strongly Disagree,Agree,Disagree,Agree,Agree,Agree,Neutral,2-3,"I most often would learn usually just through the errors I would run into mistakes I had made and be able to think through them, usually the thought process behind why something did work led to some element of redesign of the query or even the layout of the database",Sometimes things on the backend would not work and provide a blank syntax error '' which was really unhelpful,I didnt expect to learn about the UW VPN or how to use it as i had no idea it existed prior to this course.,"Personally, I would probably have preferred to do a slightly reduced version of this project on my own. This is mostly because the nature of the work often felt hard to divide.","I would advice future section team members to each verify each others work independently, as team members may often think they are on the same page despite this not actually being the case, and they arent aware of it."
3/17/2026 18:46:06,2,4,Neutral,Neutral,Agree,Agree,Agree,Neutral,Neutral,Neutral,Agree,Agree,Agree,Neutral,Disagree,Agree,Disagree,Agree,Agree,3-4,"For our last milestone having to write increasingly difficult queries based off of our inputted data I got to get a lot of practice, especially with window functions and subqueries which I hadn't' been able to do much of.","One of my team members was a bit hard to work with, it was hard to communicate him directions after dividing the work up.","Before this project I didn't realize how strict and exact database design has to be, I saw SQL as just pulling data from tables","No, personally I think it was very helpful to have other teammates primarily for the fact that it saved me a lot of time ",For our last milestone having to write increasingly difficult queries based off of our inputted data I got to get a lot of practiceasdfsadffdsafdsafadsdfsafdsvFor our last milestone having to write increasingly difficult queries based off of our inputted data I got to get a lot of practiceasdfsadffdsafdsafadsdfsafds
3/17/2026 18:56:03,I've only taken one python class back in middle school.,"I took the 12x series, one R class, and I'm also enrolled in cse 160 right now along with info 330",Neutral,Agree,Strongly Agree,Strongly Agree,Strongly Agree,Strongly Agree,Strongly Agree,Agree,Strongly Agree,Neutral,Disagree,Strongly Agree,Strongly Agree,Strongly Agree,Neutral,Strongly Agree,Strongly Agree,I would say working with my group 3-4 hours ,"I think seeing the tables and your data visualized helped me a lot with understanding SQL. Especially during homework 3, which was the most PgAdmin-heavy assignment at the beginning of the quarter. I actually had a lot of fun with that assignment, playing around with different SQL commands. ",I think the most frustrating part about SQL was definitely when my server would work sometimes or when our database wouldn't update. ,"Something that I learned through this project that I didn't expect to learn was creating ERDs, and later in my INFO 380 class, we were also required to create data flow diagrams for another project, so it was helpful having prior knowledge. ","No, because I really enjoyed working with my specific group on this project, and it was super nice being able to split up the different portions of the work. Even with the projects where we were required to do our own SQL queries, it was nice being able to double-check our work. ",I think the main thing about this SQL project would be understanding the database's initial setup and creating the entity table to define the relationships between each entity and its functions. I think milestone 1 was definitely the most important one in my opinion.
3/17/2026 19:33:05,Zero,2,Agree,Agree,Strongly Agree,Agree,Agree,Agree,Strongly Agree,Agree,Agree,Neutral,Agree,Agree,Strongly Agree,Agree,Agree,Strongly Agree,Strongly Agree,2.5,Using our chat app data to write queries helped me fully understand joins and table relationships in a way that I wasn't able to before.  I think because now I could see how everything connected in a real system that I was interacting with.,"Debugging probably, having small mistakes in joins or grouping that would just break everything, and some of the times errors weren't always clear and we got stuck","Just how much schema design matters, and how good structure can really make queries easier to write/understand","No not at all, working in a group was great because when I didn't understand something I had 2 ""mini-teachers"" in my group that could potentially help me out.","Start early and focus on understanding joins as they're a prevalent topics throughout the project.  Debugging almost always takes longer that expected so plan accordingly. Make sure to get to know your group members, it makes the project much more fun when you're making friends along the way."
3/17/2026 20:04:35,0,5-6,Neutral,Neutral,Neutral,Neutral,Disagree,Neutral,Agree,Agree,Agree,Neutral,Neutral,Neutral,Neutral,Neutral,Strongly Agree,Neutral,Agree,2-5 hours,A moment when a tool helped to understand SQL was by letting me run queries and see how tables connect through foreign keys. It showed me how schema design keeps data organized and prevents errors in the database.,The most frustrating part was getting the backend chat queries to work because even small mistakes in joins or column names caused errors and stopped the queries from returning the correct messages.,"I didn’t expect to learn how important small details in the schema are, like column names and relationships, because even small mistakes can cause the whole application to stop working.","I would not have wanted to do this project alone, although the information was straightforward and easy to process. I think having multiple people do it can either show you better ways to do things, and on the parts where they were really tedious, it's nice to have others practicing alongside you. ","I think something that would help them gauge better would be to understand the backend lab part and make sure that it is correct, because sometimes I would be super confused why when I press the join button, it would never work, even though I thought my queries were correct. "
3/17/2026 20:47:06,"2-3 | AP CSP, AP CSA, DATA STRUCTURES","CSE 122, CSE 123",Strongly Agree,Strongly Agree,Strongly Agree,Strongly Agree,Neutral,Agree,Agree,Disagree,Strongly Agree,Agree,Agree,Strongly Agree,Strongly Agree,Agree,Disagree,Agree,Strongly Agree,2,"The tool helped me understand SQL by helping me run different queries, understanding how different key words were differentiated (because they were in different colors), etc.  Another tool was the error messages which were sometimes helpful because they directly pointed to what the error was. The clear UI of PGAdmin helped me navigate it easier so that I was able to focus more on the SQL rather than navigation of the server.","The most frustrating part was understanding how to coordinate between team members, whether that be per milestone, on PGadmin, or when working on the frontend (adding different users, etc). ","I learned how a backend affects a frontend, which was actually my favorite part of this class. I really enjoyed how I could pull data / insights in PGAdmin from the front end and see how both parts interacted and affected each other. I also learned the different constraints which I did not even know existed in SQL. ",No. I think it was helpful to have other team members who were able to give their input when we were stuck on a problem. ,"Keep a shared document between all team members where you can update the code since only one user can run it in the group's PGAdmin server. Also, keep all milestones in one big document (but in different tabs), so that you can refer back to the milestones when you need to do revisions / when a new milestone builds off the previous one. "
3/17/2026 20:47:34,3,3,Strongly Agree,Strongly Agree,Strongly Agree,Strongly Agree,Strongly Agree,Strongly Agree,Strongly Agree,Strongly Agree,Agree,Strongly Agree,Strongly Agree,Strongly Agree,Strongly Agree,Strongly Agree,Strongly Agree,Strongly Agree,Strongly Agree,5-10,When I had to learn how to alter the tables to fit the requirements was one crucial thing that helped me understand how the scheme design and SQL code worked and ran. Understanding how to change the tables that I had previously created to fit the new schema design helped me understand more about the purpose of creating a good schema design and creating good SQL code.,"The most frustrating part for me was getting the ERD right. I feel like the ERD is super subjective and easy to get incorrect, so it was a little frustrating to get correct.",I learned how to distribute tasks between a team and work with people that have different strengths and weaknesses than you.,No. I think the project being group work made it more realistic as a real work-environment project. I also think working in a team teaches you valuable skills that you wouldn't learn by doing alone.I ,I would let them know that starting early makes the project easier instead of waiting till the last day to start. This also allows you to spend time to learn about what you are doing and produce quality work instead of rushing and tanking your grade in the process.
3/17/2026 21:13:35,2,4,Strongly Agree,Agree,Strongly Agree,Agree,Agree,Agree,Strongly Agree,Agree,Agree,Neutral,Agree,Agree,Agree,Agree,Disagree,Disagree,Strongly Agree,1-3,The tool helped me to see what was working correctly and what needed fixing. It also helped me to see how one bug affected the database as a whole. It was helpful to be able to go back an forth to test the schemas as well.,It was frustrating in the beginning when I did not know how to use the tool and instructions were not super clear.,I learned how databases are used in working applications and how it looks behind the scenes. I also learned how SQL works in databases.,"No, working with a group allowed us to learn from each other and work together to solve problems. It would have been a lot harder by myself.","Be proactive during assignments, because it helps you learn and understand the most when you are doing it. When visualizing the database, it is also easier to have a notepad out for when you need to make sketches."
3/17/2026 21:29:15,no,cse121 cse160 cse163,Strongly Agree,Agree,Strongly Agree,Strongly Agree,Agree,Agree,Agree,Strongly Agree,Agree,Strongly Agree,Strongly Agree,Agree,Strongly Agree,Strongly Agree,Agree,Strongly Agree,Strongly Agree,3 hours on each,"When we designed the schema, we used channel_name as the primary key instead of a channel_id. At first we were unsure, but later realized that if a value is unique and does not change, it can be used as a primary key. This helped us understand how to simplify schema design.",The most frustrating part was Milestone 4 because our queries often failed when we ran them. We had to revise them again and again. It was frustrating because even small mistakes could cause errors.,"I used to think SQL was used separately. But this project helped me understand how the database supports the whole app. For example, when a user clicks a button, it is connected to a SQL operation","No, I prefer working in a group. We can discuss problems together and help each other when something is confusing","Start early and test each part as you go instead of waiting until everything is finished. At the beginning, we tested only after finishing everything, and when errors happened, it was hard to find which step caused the problem. Also, working with your teammates to debug or check progress helps a lot, because it is easy to get stuck when working alone"
3/17/2026 21:39:21,0,1,Strongly Agree,Strongly Agree,Strongly Agree,Agree,Strongly Agree,Agree,Agree,Agree,Agree,Agree,Agree,Strongly Agree,Strongly Agree,Strongly Agree,Strongly Agree,Strongly Agree,Agree,~4h per milestone,"When I completed a task using code and SQL, I didn’t get much feedback beyond the charts displayed in the tool. But when I actually built a chatbot and was able to freely create accounts and log in just as I do in my daily life, I was truly impressed, and it made me realize the practical significance of this task.","Maybe I need to understand the purpose of every line of code; besides writing code, I also need to know when to use it and what it’s for.","One thing I didn’t expect to learn from this project was how important users’ emotional experiences are in design. At first, I focused mainly on functionality, like making features work and ensuring accessibility. However, through interviews and feedback, I realized that users also care deeply about feeling confident, independent, and not overwhelmed.","No, because it is too much, and I also could learn a lot from my teammates","Start engaging with real users as early as possible and be open to changing your ideas. Don’t get too attached to your first design—feedback will likely challenge your assumptions. Focus not just on functionality, but also on user experience and emotions. Iteration is key, so keep testing and refining your design throughout the process."
3/17/2026 22:12:26,0,6,Agree,Strongly Agree,Strongly Agree,Strongly Agree,Strongly Agree,Strongly Agree,Strongly Agree,Strongly Agree,Strongly Agree,Strongly Agree,Strongly Agree,Strongly Agree,Strongly Agree,Strongly Agree,Strongly Agree,Strongly Agree,Strongly Agree,Around 2-3 hours,"One moment where the tool really helped me understand SQL and schema design was when we started writing queries that joined multiple tables, like chat_inbox, users, and channels. Seeing how the data connected through foreign keys made it clearer why the schema was designed the way it was. It helped me understand how relational databases organize information and why joins are necessary to answer questions about activity in the app. Working directly with the database and seeing the results update after running queries made the structure of the schema feel much more concrete.","The most frustrating part was debugging queries when they didn’t return the results I expected. Sometimes the query would run without errors but still give incorrect results because of something small like a missing condition, incorrect join, or grouping issue. It took time to figure out whether the problem was with the query logic or the data itself. Another challenge was understanding how changes in the database, like importing new data, affected the output of the queries.","One thing I didn’t expect to learn was how much data analysis can be done directly with SQL. Before this project, I mostly thought of SQL as just a way to store and retrieve data. Through this project, I realized that SQL can also be used to answer more complex questions about user behavior, such as identifying the most active users, response times between messages, or patterns in how people interact in channels. It showed me how databases are used not just for storage but also for generating insights.","No, I think working in a group was helpful for this project. Different teammates often noticed different issues or had different approaches to solving problems. When we got stuck on queries or debugging database issues, it was useful to talk through the logic together. It also made the workload more manageable since the project involved multiple parts, including building the app, generating data, and analyzing it with SQL.","I would tell future students to start early and spend time understanding the database schema before writing queries. Knowing how the tables connect makes writing SQL much easier later. It’s also helpful to test queries frequently and look at the data to make sure the results make sense. Finally, don’t be afraid to experiment with different queries and ask teammates for help when something isn’t working, because a lot of learning happens through trial and error."
3/17/2026 22:34:19,2: IB Computer Science HL 1 and 2 (2 year course),1: INFO 201,Strongly Agree,Strongly Agree,Strongly Agree,Strongly Agree,Strongly Agree,Strongly Agree,Strongly Agree,Strongly Agree,Strongly Agree,Strongly Agree,Strongly Agree,Strongly Agree,Strongly Agree,Strongly Agree,Strongly Agree,Strongly Agree,Strongly Agree,Spent about 1-2 hours on each milestone,The chat query syntax errors and common errors section in the documentation served me as a tool and helped me understand the purpose and syntax of specific SQL queries when I didn't know how or when to use them.,The most frustrating part was finding the most efficient solution queries to the schema and the chat app as working with aliases and variables made it confusing to run the query successfully.,"I learned how to utilize placeholders like the $1, $2, $3 to pass user inputted data back into the database and overall learned how the database in pgAdmin where we created our tables can communicate with queries within the chat app. I learned about Indexes, Views, Constraints, and developing fundamental understanding for SQL queries.","No, because I learned how to work as a team and the overall flow was much smoother and more efficient as we were able to debug eachother's work","use figma to create a design and actually plan out your tables visually as it can help you outline the tables, column names, and overall structure of your table. There are many variables and aliases that you will be creating, so it is important to visualize them as it can help with organization of keys "
3/17/2026 23:19:29,1,3,Agree,Agree,Agree,Agree,Neutral,Strongly Agree,Agree,Strongly Agree,Agree,Agree,Neutral,Agree,Strongly Agree,Agree,Strongly Disagree,Disagree,Strongly Agree,2-3,"By being a working application and the features becoming accessible when the SQL is inputted it was really helpful in my understanding of what these things actually look like in practice. To point to one example, adding the channel table and adding the fake data to it and seeing the list populate in the application was rewarding.",I think the most frustrating part was the VPN ordeal - it was hard to setup at the start and the different credentials for different things caused a bit of friction but nothing too severe.,I learned how to actually speak about the design and execution upon that of a database in a real world situation which can help a lot in interviews.,"No, I think the workload would have been way too much when you stack every other task/assignment that is already individual.","Know your learning/work style and understand your teammates, if you prefer to meet in person and knock the deliverables out that may be a good approach, but at least setting up consistent meetings is helpful."
3/17/2026 23:19:35,1,4,Agree,Neutral,Agree,Agree,Agree,Agree,Agree,Agree,Agree,Agree,Neutral,Agree,Agree,Agree,Neutral,Agree,Agree,4-6 hrs,The SQL backend lab and being able to play around with the chat app itself helped me understand the concepts of this class better. I appreciated how I was able to interact with the chat box itself and in turn see the data pop up in my database.,"The most frustrating part was setting up and starting the project. It was hard to learn the new tools and just understand the project as a whole, but once we got started, it all came together, and the workload was flowing easier. ","Teamwork skills. As an INFO major, I have a lot of projects, and I already thought that I knew how to work well with a team. However, after this project, I realized I had a lot more to grow to be a better team member, including communicating more often and on time, starting work early and even ahead, and offering my help where I can. Even though sometimes we wanted the workload to be even, it sometimes didn't make sense to split rather than have someone just complete two steps, even if that means one of the team members doesn't do any work for that milestone. They can contribute to the next milestone, for example, and make it up that way.","No, the milestones were long. Having a team helped split up the work and also discuss ideas with them. They also helped me learn as this was my first SQL class so I was able to ask a lot of clarifying questions.","Don't be afraid to ask questions, start early, and have good communication skills within your team. We would do one milestone a week, but that would result in doing some last minute the day it's due, but it's actually better to get ahead on your milestones so it's easier in the long run."
3/17/2026 23:35:38,0,5,Strongly Agree,Neutral,Strongly Agree,Agree,Agree,Strongly Agree,Agree,Neutral,Disagree,Agree,Agree,Disagree,Disagree,Neutral,Agree,Strongly Agree,Agree,4-5,"A moment when the chat inbox helped me understand SQL better was during Milestone 4, going back and forth between the SQL Backend Lab and actual chat inbox helped me visualize what each query was doing each step of the way. Using PgAdmin to see how the data got stored and how to delete certain data. Writing the reflection also helped me understand why there was a balance of constraints and decisions and how our changes affect our project along the way and why it was important to note that. ","The most frustrating part about this course was when my teammates were unresponsive and waited until last minute to divide work. I also tend to procrastinate, but this was frustrating because if I had any questions about my part or anything that I wanted to clarify, it would be hard to communicate as the deadline was approaching and now I have to wait for a response which also added unnecessary stress and could have been avoided if we started earlier. ","I'm not sure if this would be considered learning, but throughout this project and course I found myself more curious about how my data is stored inside the applications I use in my everyday life. I also found myself wondering about the tables that these applications may have to organize our data when using Instagram or TikTok, especially when using the chat inbox feature. ","Yes, but with a reduced workload because this was a big project! Also, for me at least, in a group project, it was difficult to find a consistent time to meet weekly outside of class long enough to discuss and work on the milestones together. This led to many tasks being split ""evenly,"" which I feel like prevents people from targeting each learning outcome that comes with completing each task. ","A message to future INFO 330 students would be to meet with your group as soon as you can whether that be after class, section, or just for 30 minutes. Discuss what needs to be done and set a deadline 1-2 days before the deadline. The teaching team, Belén, Justin, and Charlene respond extremely fast (within 10-15 minutes) and provide so much feedback and insight on how to improve your milestones and assignments. This also goes for individual assignments, I wish I procrastinated less and started on everything early because those few points I missed could have been avoided if I went to office hours and asked for feedback before submitting. "
3/17/2026 23:36:26,2,3-4,Strongly Agree,Strongly Agree,Strongly Agree,Strongly Agree,Agree,Strongly Agree,Agree,Agree,Strongly Agree,Strongly Agree,Strongly Agree,Strongly Agree,Strongly Agree,Agree,Strongly Agree,Agree,Strongly Agree,4-5,"When we were working with the SQL lab, we kept seeing errors when running a query through the app. The query returned something different than expected. In order to work with this, I carefully looked at the schema and understand how the app actually used the database. ","When the app expected a certain output and it did not get that, we had to debug queries  to match the output format. This was frustrating at times because even if the SQL logic was correct, the query could still fail. It was challenging connecting the front end and backend and handling their interactions. ","Before this project, I did not realize how important database design is before writing the queries. It is not just about writing SELECT statements, but it was also about foreign keys, primary keys, and how everything works together. ",No because there were many parts and it was too much work to have done individually. ,Clearer instructions would be super helpful. It would also be great if the labs/sections focused more on tool setup. It would also be cool if we can choose from a few options for projects. Otherwise the project is good. 
3/17/2026 23:39:18,1,2,Strongly Agree,Agree,Strongly Agree,Strongly Agree,Strongly Agree,Strongly Agree,Strongly Agree,Strongly Agree,Strongly Agree,Strongly Agree,Strongly Agree,Strongly Agree,Strongly Agree,Strongly Agree,Disagree,Agree,Strongly Agree,3,"The tool helped me better understand sql and schema design by having many different drop down menus on the left hand side. This separated tables, constraints, and other schema design so they were easily accessible and I knew where to go.",I think the most frustrating part was the first few milestones where we didn't really work hand in hand with the messaging app. Most of this work was in pgadmin and just understanding how we would attack the project. It was much easier to understand what we were doing once we started to use the app and its backend tab.,The main thing I learned was just how much code and how much of an understanding of what is going on is needed in order to make a simple app work. Its a lot more than I originally thought but its cool to see how the code works together to access everything thats needed to funciton correctly.,No because there was a lot of work for each milestone. Having a group made it easier to divide each part and try different sql queries. Having a group made creating actual data easier.,I would say that everyone in the group should try to have the same understanding of what needs to be done from the coding perspective. This way different approaches can be trialed and then decided upon. This method would be the best for learning.
3/17/2026 23:43:03,0,2,Agree,Strongly Agree,Agree,Agree,Disagree,Agree,Agree,Neutral,Agree,Neutral,Neutral,Strongly Agree,Agree,Neutral,Agree,Agree,Agree,"1-2 hours on average per milestone, some quicker than others. ","I was confused about why my JOIN query was returning too many rows. I realized I forgot the ON clause, which caused a cross product and every row paired with every row. Once I understood that, JOINs made a lot more sense to me. The ON clause tells the database which columns to match when combining two tables. Without it, the database doesn't know how the tables relate so it just pairs everything with everything.","The most frustrating part was not being able to rely on all group members equally. We had to redistribute work last minute because of an unresponsive teammate, which added unnecessary stress on top of an already demanding assignment. It's frustrating when your grade depends on someone who isn't putting in the same effort.","I didn't expect to learn how many design decisions go into mapping an app to a database. It seems straightforward at first, but figuring out the right entities, relationships, and cardinalities made me realize how much thought goes into structuring data before you even write a single query. ","Normally I enjoy collaborating and working with others, but for this specific project I wish I had done it alone. We had an inactive group member who stopped showing up to class and wouldn't respond to our emails, which forced the two of us to pick up on his slack. ","Pick your group members wisely. The project it's self is not hard and the class is enjoyable but not having a proper group will cause you to stress more than you need to. Start your ERD early and don't rush through it. The schema design is the foundation for everything else  if your tables and relationships are off, your queries will be a difficult to fix  later on.  Lastly, talk through your design with your group members before anyone starts writing codes. It's way easier to fix a bad design on paper than after you've already built everything around it. "
3/18/2026 0:07:55,1,4,Strongly Agree,Strongly Agree,Strongly Agree,Strongly Agree,Strongly Agree,Strongly Agree,Strongly Agree,Strongly Agree,Strongly Agree,Strongly Agree,Strongly Agree,Strongly Agree,Strongly Agree,Strongly Agree,Strongly Agree,Strongly Agree,Strongly Agree,2,"The most frustrating part was using W3Schools and constantly going back to slides, rewatching lectures, or asking my TA and classmates, especially when the TA had to explain the same thing again multiple times during lab sessions.","The most frustrating part is when we learn something in the same week that I didn’t fully grasp yet or get to work with, such as in homework, and then we learn something new that requires understanding of the previous topic.","I learned how apps work in a real way, how everything is stored, how it’s stored, and why there are constraints on the things I input into certain apps.","No, because I like the learning process with others, it makes it really stick and solidifies my understanding.","Start working on it as soon as you learn the concept so it doesn’t leave your brain. The sooner you begin, the better you’ll do and the more time you’ll have to refine and perfect your project overall."
3/18/2026 0:14:40,0,6,Strongly Agree,Strongly Agree,Strongly Agree,Agree,Agree,Strongly Agree,Strongly Agree,Agree,Strongly Agree,Strongly Agree,Strongly Agree,Strongly Agree,Strongly Agree,Agree,Agree,Strongly Agree,Strongly Agree,3,"A moment that helped me understand schema design was during the planning of the database and creation of the tables. In our ERD we had to think about how the tables interacted with each other and create the necessary constraints so the database functions correctly. Additionally, I really liked seeing how the backend connected to the messaging app and how the SQL queries performed their functions. ",The most frustrating part of the project was in milestone 5 where we had to write some subqueries that required a great deal of thinking. This was the only part that took more time than other parts of the project. ,"Something that I learned through this project that I didn't expect to was how we only needed to use certain constraints to control the entire database. We didn't need to excessively use ""ON DELETE CASCADE""s for tables that I thought I would have. I think we only used it in one table. ",No. I really enjoyed working with my team and solving problems together. ,"Choose good team members and you will have a great time. The best resource is going to be your TAs and Professor if you get stuck in certain areas or design choices. Going to all lectures provides students with all the concepts and tools needed to be successful so I highly recommend attending. Ultimately, as a student, I recommend future students to come into this project with a curious mind becau"
3/18/2026 0:17:42,0,6,Strongly Agree,Strongly Agree,Strongly Agree,Strongly Agree,Strongly Agree,Strongly Agree,Strongly Agree,Strongly Agree,Strongly Agree,Strongly Agree,Strongly Agree,Strongly Agree,Strongly Agree,Strongly Agree,Strongly Agree,Strongly Agree,Strongly Agree,6,"Writing the queries in the backend lab made me understand how we can actually make our schema work. Before that, the schema design felt abstract. I knew concepts like entities, relationships, and normalization, but don't know how we can make it function as a chat. Using queries like INSERT and UPDATE in the backend lab made me understand how we can use the tables. ","The most frustrating part was writing the ninth query in the SQL backend lab, ""display messages for a channel"", it's hard to figure out how to show the latest 50 messages. ","Something I learned through this project that I didn't expect to was the identification of PK, I used to want every user to have an user id as PK since that what I used to see in reality, but I realized that as long as the user name is unique not null, we don't need additional PK. ","No. Group work reduces the individual work load, and allows us to discuss, which is very helpful in my learning process. ","If I had to send them a message about how to better engage with the project, I would want them to think carefully about milestone 1 and how they want their schema to be like. As we work on the project, we often look back to see what we did in milestone 1, so I think designing a good schema and having a good start in milestone 1 is very helpful. "
3/18/2026 0:42:53,0,2,Agree,Agree,Strongly Agree,Agree,Disagree,Agree,Agree,Agree,Agree,Agree,Agree,Neutral,Agree,Agree,Strongly Agree,Strongly Agree,Agree,~2-4 hrs per milestone,"In milestone 5 when I put a query in pgAdmin to show me every user that was registered, it showed that some of the passwords were hashed and some weren't, and that helped me realize that the non-hashed username/password combos would not work to log in because I had made them in SQL itself. The username/password combos had to be made in the chat app itself so that the password could be hashed and log me in successfully. ",The most frustrating part was when certain tests didn't pass in the SQL backend lab and we had to debug and figure out why. ,"Something that I learned through this project that I didn't expect to at first was an in depth look at frontend and backend development within an app. I think the chat app was simple enough to where I was able to learn important debugging and backend ideas, but also complicated enough to where it challenged me to try new ideas when tests didn't pass or things failed. In a way it could mimic a real job where you're assigned to a certain aspect of development. ",I would have preferred to do the project individually because I think it would be better suited for individual work as you can tailor it to what you want. But the project would definitely have to be condensed a little or spread out over more time because it would be a lot more work for just one person to do it on their own. ,I would tell them to treat the project like it's a real world simulation rather than just a class project. It definitely makes you more interested and passionate about it and makes you want to test new things. I would also tell them to be very communicative with their group from the very beginning because open communication is how everyone can be satisfied and do equal work for the project. 
3/18/2026 0:49:14,0,1,Strongly Agree,Agree,Agree,Agree,Agree,Neutral,Agree,Agree,Agree,Neutral,Neutral,Agree,Agree,Agree,Neutral,Neutral,Agree,5-7 hours,"When using pgAdmin, it helped me understand SQL and schema design. For example, I created a view that shows the most recent messages in the chat system. When I first wrote the query, I wasn’t completely sure how ORDER BY and LIMIT would affect the final result. By running the query multiple times and adjusting small parts of the SQL, I could immediately see how the output changed. Seeing the data arranged differently helped me understand why the order of operations in SQL matters and how views can simplify more complex queries. ","The most frustrating part for me was when my SQL queries returned errors even though I thought the syntax looked correct. For example, there were times when I tried to run a query that used a parameter like $1, but pgAdmin showed an error saying that the parameter did not exist. At first I was confused because I had seen similar queries in examples, so I assumed it should work the same way. It took me some time to realize that placeholders like $1 are meant to be used in application code or prepared statements, not when directly running queries in the pgAdmin query tool.","One thing I learned through this project that I didn’t expect to think about so much was data privacy. While working on the database schema and writing SQL queries, I realized that databases are not just about storing and retrieving information efficiently. They also involve responsibility for how user data is handled and protected. In our project, we created tables that store user-related information such as usernames, messages, and timestamps. Even though this was just a practice project, it made me think about how real platforms store much more sensitive information and how important it is to design systems carefully.","No, I would not prefer to do this project individually. I really enjoy the process of working and communicating with others. When we work on a project together, I can share my own ideas and perspectives with my teammates, and at the same time I can learn from their thoughts and approaches as well. Sometimes other people notice things that I didn’t think about before, which helps me see the problem from a different angle.
Working in a group also makes the project more engaging. Instead of solving every problem alone, we can discuss our ideas, compare different solutions, and help each other when someone gets stuck. Through these conversations, I feel that I not only improve my understanding of the project itself, but also develop better teamwork and communication skills.","If I could give a message to future INFO 330 students, I would want them to know not to be afraid of trouble or feel impatient during the project. It is really important to think carefully about each step while working, because if something is not set up correctly in the beginning, it can easily cause errors or inaccurate data later on. Sometimes it may feel slow or repetitive to double-check your schema, queries, or small details, but those careful steps can save a lot of confusion in the future."
3/18/2026 1:07:11,1 very basic concept class,"I took 1 class, CSE 121",Strongly Agree,Neutral,Agree,Strongly Agree,Disagree,Agree,Agree,Disagree,Agree,Agree,Agree,Strongly Agree,Agree,Disagree,Agree,Agree,Agree,8hrs,"Using the tool to work on SQL and schema design really helped me understand how everything connects in a database. One moment that stood out was when I was creating tables and testing queries for a messaging system. Being able to run my SQL code and instantly see the results made a big difference. Instead of guessing whether my schema design was correct, I could immediately verify if the relationships between tables, like users, channels, and messages, were working as expected.
For example, when I created foreign keys to link tables together, I could quickly test joins and see if the data returned matched what I intended. If something was wrong, like missing data or incorrect relationships, I could go back, fix the schema, and rerun the query right away. This immediate feedback helped me understand not just how to write SQL, but why certain design choices matter.
Overall, the tool made the learning process more interactive and less frustrating. It helped me connect theory to practice by allowing me to experiment, make mistakes, and correct them in real time. This made me more confident in both SQL and schema design.","The most frustrating part was that the column names and table names kept being different or inconsistent. Sometimes I would write a query using what I thought was the correct column name, but it would not work because the actual name in the schema was slightly different. Even small differences like capitalization, underscores, or plural vs. singular names would cause errors, which made it hard to debug.
This was frustrating because the logic of my SQL query was often correct, but it would still fail due to naming mismatches. It took extra time to go back and check each table definition to make sure I was using the exact column names. Sometimes I also confused similar column names across different tables, which made joins more difficult than they needed to be.
However, this challenge helped me realize how important consistency is in schema design. Clear and standardized naming conventions make queries easier to write and understand. It also taught me to carefully read error messages and double-check the schema before assuming my query logic was wrong. In the end, even though it was frustrating, it improved my attention to detail and made me more precise when working with SQL.","One thing I didn’t expect to learn from this project was how much actual work goes into writing and refining SQL queries. At first, I thought queries would be straightforward—just selecting data from tables—but I quickly realized that even simple queries can take a lot of effort. You have to think carefully about how tables are connected, which joins to use, and how to filter or organize the data correctly.

I also learned that a lot of time is spent debugging and adjusting queries rather than writing them perfectly the first time. Small mistakes, like using the wrong column, forgetting a condition, or misunderstanding relationships between tables, can completely change the result. Because of this, I had to constantly test, revise, and improve my queries.

Another unexpected takeaway was how important planning is before writing the query. Understanding the schema and relationships ahead of time makes the process much smoother. Overall, this project showed me that SQL is not just about writing commands, but about problem-solving, attention to detail, and iteration.
","No, I would not have preferred to do this project individually. Working in a group was actually more helpful because teammates were able to catch mistakes that I might have missed. SQL can be very detail-oriented, so having multiple people look at the same query made it easier to find errors like incorrect column names, joins, or logic issues.

Also, my teammates often had different ideas or approaches to solving a problem, which helped me learn new ways to write queries or design the schema. Sometimes I would get stuck, and someone else could explain it in a way that made more sense. This made the overall process faster and less frustrating.

Overall, working in a group improved the quality of the project and helped me understand the material better than if I had worked alone.
","If I could give advice to future INFO 330 students working on this project, I would definitely say to start early and not wait until the last minute. This project takes more time than it looks at first, especially with writing queries, debugging errors, and making sure everything works correctly. Starting early gives you time to actually understand what you’re doing instead of rushing through it.

I would also strongly recommend trying to meet in person with your group if possible. Working together face-to-face makes it much easier to communicate ideas, catch mistakes quickly, and help each other when someone gets stuck. It’s a lot more efficient than going back and forth over messages.

Overall, staying organized, communicating often, and giving yourself enough time will make the project much less stressful and a lot more useful for actually learning SQL and schema design.
"
3/18/2026 1:10:37,5,"cse 121 - cse 123 cse 160 - cse 163 info 340, info 330",Strongly Agree,Strongly Agree,Strongly Agree,Strongly Agree,Agree,Strongly Agree,Strongly Agree,Strongly Agree,Strongly Agree,Agree,Agree,Strongly Agree,Strongly Agree,Strongly Agree,Strongly Agree,Strongly Agree,Strongly Agree,4,"This tool helped me understand SQL and schema design in a much more step-by-step way. Before using it, I often felt confused when looking at database structures, table relationships, and query logic all at once. The tool made the learning process more manageable by breaking complicated concepts into smaller parts, such as understanding tables first, then primary keys and foreign keys, and finally how different queries work together. It also helped me connect the schema design to actual SQL statements, so I could see not only what the structure looks like, but also how it is used in practice. Because of that, I was able to build my understanding gradually instead of feeling lost at the beginning.","The most frustrating part of this project was the teamwork process. Since the project was open to many students online, the teammates were assigned more randomly, so not everyone had the same working style, schedule, or level of preparation. Sometimes communication was not smooth, and it was hard to make sure everyone understood the task in the same way. In addition, because SQL and schema design require careful attention to detail, even a small misunderstanding could lead to extra work for the whole group. That made the collaboration more stressful than I expected. I think the main reason it felt frustrating was not only the technical difficulty, but also the challenge of coordinating people, dividing work fairly, and making sure the final project stayed consistent.","In this project, I learned some unexpected things about both collaboration and SQL itself. On the teamwork side, I realized that cooperative work is not just about splitting tasks, but also about making sure everyone has a shared understanding of the project goals, design choices, and workflow. On the technical side, I learned several new SQL lines and query patterns that I had not used before. I also learned that schema design is more important than I first thought, because a clear structure makes later SQL writing much easier. Another unexpected lesson was that debugging database work often requires logical thinking and patience, not just memorizing syntax. Overall, the project taught me more than just coding skills; it also taught me how planning and communication affect technical results.",yes! i can control every parts of the project to manage more felxible time,"If I could send a message to future INFO 330 students, I would tell them to prepare some basic SQL knowledge before the class or before the project starts. Even learning simple things in advance, such as SELECT, JOIN, GROUP BY, primary keys, and foreign keys, can make the whole project much less overwhelming. I would also recommend that they spend time understanding schema design early, because having a strong database structure will make the later queries much easier to write. Another important suggestion is to communicate clearly with teammates from the beginning, including how to divide tasks, how often to check in, and how to keep the project organized. This project is not only about technical skills, but also about planning and teamwork, so students should take both parts seriously. If they come in with some preparation and stay active in communication, they will probably have a much smoother experience."
3/18/2026 1:31:06,0,1,Agree,Agree,Strongly Agree,Strongly Agree,Agree,Neutral,Agree,Agree,Agree,Strongly Agree,Neutral,Agree,Agree,Agree,Disagree,Disagree,Neutral,6,I really got it when I ran the populatedb tool and saw over 5500 messages flow into the schema I built. It was incredibly satisfying to see that my initial design handled the massive scale-up perfectly without needing any structural changes. It made the concept of scalability feel real rather than just a textbook term.,The most frustrating part was the debugging process after the bulk import. Going from a few dozen test messages to over 5500 rows made it a lot harder to verify if the complex queries.,I didn't expect to actually enjoy the data analysis part. Using queries to uncover user patterns and identify active channels felt more like solving a puzzle than just doing a coding exercise which was surprisingly interesting.,"Yes. My teammate did not response fast, so it was hard to work along. It would have been more efficient to work solo. It would have saved me the stress of coordinating with inactive teammates.","I’d tell them to get comfortable with window functions like LAG and ROW_NUMBER as early as possible. They are essential for turning raw data into meaningful insights. Also, double-check your joins when the data scales up, because small mistakes can really mess up your results."
3/18/2026 1:48:34,2,3,Strongly Agree,Strongly Agree,Strongly Agree,Strongly Agree,Strongly Agree,Strongly Agree,Strongly Agree,Strongly Agree,Strongly Agree,Strongly Agree,Strongly Agree,Strongly Agree,Strongly Agree,Strongly Agree,Strongly Agree,Strongly Agree,Strongly Agree,"For each milestone, I spent about 4-6 hours per week ","When me and my team was working on the Milestone 4, we initially thought that we have to sign up, create a new username and password to be able to login and complete all the required queries. However, we found out when we complete the sign up queries in SQL backend lab then we were able to sign up, and so on. From that, I learned about building everything in the backend lab first so that the front end will perform effectively. ",I would say when we got feedback from the past Milestone and have to modify it to get rid of all the mistakes. It took us more than one resubmission to find out what do we need to modify to get the correct schema and make the app work.,I did not expect that the database design could affect the whole app and user experience before starting this project. I learned that the database is not just about storing data correctly but creating precise schema for the best performance. ,"No. In my opinion, this project consists of several steps and elements, if working individually, it would cost me a lot of time to complete the project while catching up with the homework,","I would say working on it and learning about it at the same time. To explain, there are some parts of this project require outside research and asking professor/TA for help. Then I think it is necessary for them to be more active in learning about new things during the process."
3/18/2026 1:59:59,0,3,Strongly Agree,Agree,Strongly Agree,Agree,Agree,Agree,Strongly Agree,Neutral,Agree,Neutral,Neutral,Agree,Agree,Neutral,Disagree,Neutral,Agree,5,"Obviously, there's probably so much going on to make the chat app work with more backend code, but it was really nice that all we had to focus on was just the SQL we learned in class to make it work. It also made me realize how important it is to focus on schema design. Otherwise, the code wouldn't work. ",The set up was confusing since we weren't sure exactly what to do — setting up pgadmin especially via zoom was just difficult.,"Database design, and focusing so much on that aspect. It's also the part that is hard to be automated because it requires human discernment and critical thinking. There can be multiple ways to do something, but the reasoning behind why one might be better than the other was interesting to learn. ","No. I liked doing it as a group project, it made the workload a lot easier. Even if I had to do it individually, I don't think it would have been too hard anyways. The milestones are less involved than the homeworks. ","This class was so difficult online. No one talked in sections or during breakout rooms. I think it should be in-person. Project-wise, I think it was very fun and not too hard. Honestly, the homeworks took way more time than any of the milestones. "
3/18/2026 2:01:30,"I took IB Computer science higher level during the high school, which covered a wide variety of concepts, including algorithms, data structures, database, etc. ","CSE122, CSE163",Agree,Strongly Agree,Strongly Agree,Agree,Neutral,Strongly Agree,Strongly Agree,Strongly Agree,Strongly Agree,Strongly Agree,Agree,Strongly Agree,Strongly Agree,Strongly Agree,Strongly Agree,Agree,Neutral,"3-6 hours for each of them, depending on the length and difficulty. ","The combination of pgAdmin and SQL chat site allowed me to take a glimpse at how back-end and front-end work in a real-life program. Base on these tools, I was allowed to practice writing SQL to apply to real-life context. ","First, we need to think a lot more than expected to design the schema for the database. Second, this experience also practiced our group working and collaborating skill. ","First, this project gave me a hand on experience of designing schema and databases, I got an real idea about how much we need to think and take care for those.
Second, this project allowed me to realize how crucial the communication and coordination between the teammates are. One single miss on these may lead to many problems.","Yes. I think I still need to practice group collaboration skills, but I do think I work better on my own pace. ","Start earlier, set up things earlier, write the queries and design the schema thoughtfully. Work with members, communicate and manage tasks well with members, take the strength of each member to work the project out.  "
3/18/2026 2:13:33,None,4,Strongly Agree,Strongly Agree,Strongly Agree,Strongly Agree,Strongly Agree,Strongly Agree,Strongly Agree,Strongly Agree,Strongly Agree,Strongly Agree,Strongly Agree,Strongly Agree,Strongly Agree,Strongly Agree,Strongly Agree,Strongly Agree,Strongly Agree,5 hours,"It was hard to understand the relationships between tables when they were only in text. However, the visual description and erd diagram allowed us to understand the data flow and how it was implemented in real queries.","I remember the most challenging issue was dealing with constant errors during the login process. It's the first step of the chat app. I couldn't move on to the next stage so I was very frustrated. I tried and tried again until I finally got the green light. It turned out that I had made a very small mistake. It was frustrating, but it was a chance for me to see how important the basic details are for the whole system.",I realized again the impact of constant communication with my team members and real-time updates. I've been involved in many projects and this team was the most active in discussing. I experienced a big increase in work efficiency. I learned that being open about your progress is key to determining the completeness of the project.,"No 
This project is quite wide and complex for individuals. I think collaboration is an essential for this project. ","Make sure your deliverable is correct before submitting it. It's important to regularly check your project guidelines or feedback for updates. If you avoid small mistakes and make sure you meet the latest requirements, you'll have a much better chance of a successful project."
3/18/2026 2:18:22,0,5,Agree,Agree,Agree,Agree,Agree,Agree,Agree,Agree,Agree,Agree,Agree,Agree,Agree,Agree,Disagree,Disagree,Strongly Agree,5,"One moment was when I used the tool to visualize joins between tables. It helped me understand how chat_inbox connects to users and channels, and made writing queries way easier and more clear for me. ","The most frustrating part was getting errors, and then working on them I assumed it was fixed and then for me to then get another error",I learned time management and communication skills. The true importance behind both and how they play into the completing of an assignment How those skills are the foundation of what it means to be a successful team. ,"No, there were parts of the assignment I struggled with my approach of completing a task. By having teammates with different understanding and interpretations it allowed me to grow in my understand and application work. ","In order to better engage, complete the work before the day of the deadline, that way you have time to play around and understand what it is you are doing. When you are rushing you kind of lose the understanding aspect since your goal is just to complete. "
3/18/2026 2:30:56,6,5,Agree,Agree,Agree,Agree,Agree,Neutral,Agree,Neutral,Agree,Agree,Neutral,Agree,Agree,Agree,Agree,Agree,Agree,6,"When we had to create the ERD, it was really helpful to reference the schema design because it gave us a clear structure to follow. Looking at the schema made it easier to understand what entities we needed, how they connected to each other, and which attributes belonged in each table. It also helped us make sure the relationships in the ERD matched the actual database design, instead of just guessing. Overall, using the schema design as a guide made the ERD process more organized, accurate, and easier to complete.","The ERD was the most rewarding concept for me to learn, but it was also the most challenging. At first, it was difficult to fully understand how entities, relationships, and keys all connected, especially when trying to translate ideas into a structured diagram. However, once it started to click, I found it really valuable because it helped me visualize how a database is organized and how everything works together. Even though it was hard, it ended up being one of the most useful skills I learned.","One thing I learned through this project that I didn’t expect was how important it is to eliminate redundancy in a database. At first, I didn’t realize how much duplicate data could cause issues, but I learned that redundancy can lead to inconsistencies, errors, and unnecessary storage. By normalizing the data and organizing it into separate tables, we were able to reduce repetition and make the database more efficient and reliable. This also made it easier to update information without affecting multiple places. Overall, learning how to eliminate redundancy helped me better understand why thoughtful database design is so important.","Yes, I would have preferred to do this project individually. While I understand the value of group work, my experience was challenging because my teammate was often not present in class and did not actively collaborate. Much of the responsibility, especially writing the queries, fell on me. I also asked for help with reviewing and fact-checking the work, but that support was limited. As a result, the project felt more like an individual effort, and I think I would have been more efficient and less stressed working independently.","One suggestion I would give to future INFO 330 sections is to create a classroom environment that better supports collaboration. The current setup, with individual chairs, makes it harder for students to naturally work together and communicate during group activities. Having a more collaborative seating arrangement, like tables or grouped seating, would make it easier to engage with teammates, share ideas, and stay involved throughout the project. I think small changes to the physical space could make a big difference in how effectively students collaborate and learn from each other."
3/18/2026 2:32:05,"Before college, I had taken about two coding-focused classes: one on H5 development (mainly JavaScript and HTML5 Canvas) and one on Python.","Before INFO 330, I had taken a lot of coding-focused classes in college, such as UW CSE 122, 123, 154, 163, 331, 373, 414, 416, and INFO 360.",Agree,Agree,Agree,Agree,Agree,Agree,Agree,Agree,Agree,Agree,Agree,Agree,Agree,Agree,Agree,Agree,Agree,4,"One moment that helped was when I used the tool to test queries and compare the results with what we expected in the app. That made it easier to understand how different tables were connected and why schema design matters. Before that, I mostly thought about SQL as just writing commands, but this project helped me see how the structure of the database affects everything else.","Debugging, probably. Sometimes the SQL looked fine, but something was still wrong. A lot of small issues, so kind of time-consuming.",How important database design is from the beginning. I did not expect small choices in the schema to affect so many later parts.,No. Working in a group was better overall. Easier to share ideas and catch mistakes.,"Start early, test often, and do not wait until the end to figure everything out. I think the project makes more sense when you focus on how the app and the database connect, not just on finishing each requirement. Also, it is normal to feel confused at first, so asking questions and checking small details really helps."
3/18/2026 2:52:48,1,4,Agree,Agree,Strongly Agree,Agree,Agree,Strongly Agree,Strongly Agree,Agree,Strongly Agree,Neutral,Disagree,Disagree,Disagree,Agree,Agree,Strongly Agree,Agree,3,"The AI feedback was helpful in that I knew exactly where my mistake was, and thus made it easier to fix it. We didn't make any mistakes in our schema design except for having inconsistencies when we resubmitted and edited our past schema designs and forgot to update them. ",The most frustrating part was the grading. I think it wasn't very consistent and many of the features that everyone got incorrect were due to a lack of communication or the guidelines of the milestone being ambiguous. So I would perhaps just make grading slightly more flexible. ,I learned how to make changes to checks that I implemented when I first initialized a table. I previously thought the only way to make changes was to delete the entire table and then replace it with a correct version with correct rules but you can edit rules. ,"Yes, I think it would have made it easier to keep myself on schedule than have multiple people meet with each other several times a week and coordinate a group project for so many weeks out of the quarter. I would have preferred it if we had group projects for maybe 2-3 of the milestones instead of all of them. ","Go to office hours and reach out often to the TAs and professors if you have any hiccups in your Milestones. Don't spend too much time debugging or trying to fix something, it shouldn't be that difficult to do. Most of the work in this class is more time consuming that technically difficult. "
3/18/2026 2:54:33,Two,Four,Strongly Agree,Strongly Agree,Strongly Agree,Strongly Agree,Strongly Agree,Strongly Agree,Strongly Agree,Agree,Strongly Agree,Strongly Agree,Strongly Agree,Strongly Agree,Strongly Agree,Strongly Agree,Strongly Agree,Strongly Agree,Strongly Agree,4 hours,"One moment the tool helped me understand SQL and schema design was when I used joins and window functions like ROW_NUMBER() to analyze message activity. It showed me how important relationships and keys are, and writing queries to match the design of our schema.","The most frustrating part was debugging SQL queries when they didn't return the expected output. Sometimes this was very tedious especially when learning new concepts involving joins and grouping. It forced me to try a lot of trial and error, and to fully understand how the query worked.","One thing which I didn't expect to learn was how important data quality and structure are. I assumed writing SQL queries would be the most difficult part, but I realized that if the schema or data wasn't designed well, even good queries wouldn't produce useful results. ","No, I am glad we got to work in groups as I enjoy working collaboratively on projects. I helped simulate an actual workplace setting where you are working on projects with a team and divide tasks like schema design, writing queries, and SQL analysis which made the project more manageable. It also allowed me to get different perspectives when debugging or making design decisions.  ",I would tell students to stay consistent and not fall behind since each part of the project builds on itself. It is also important to actually have a strong understanding of your schema early on and helps with writing SQL and debugging queries down the road. I also recommend that dividing the work is important unless everyone fully understands the schema. 
3/18/2026 3:23:10,none,6,Agree,Agree,Agree,Agree,Agree,Neutral,Agree,Agree,Agree,Neutral,Agree,Agree,Agree,Neutral,Agree,Agree,Strongly Agree,5-7,"One moment that stood out was when I used EXPLAIN to analyze a query I'd written with a subquery versus a JOIN. I expected the subquery to be slower, but seeing the actual query plan showed me they compiled to nearly the same execution, which made the concept of the query planner ""optimizing under the hood"" actually click instead of just being something I'd read about.","Honestly, the most frustrating part was when my INSERT statements kept failing because the column names in the actual schema didn't match what I assumed they'd be. I'd write out a whole seed script, run it, and get a cryptic error, but sometimes I just had the wrong column name. After that, I got into the habit of checking information_schema.columns first, which saved a lot of headaches, but it was annoying to learn that the hard way.
","Something I didn't expect to learn was how much schema design decisions early on affect everything downstream. Like, we made some choices about how to structure our tables at the start that seemed fine, and then later when we had to write more complex queries or add new columns with ALTER TABLE, we kept running into situations where a slightly different design would've made things way cleaner. It made the whole ""think before you build"" advice actually make sense instead of just sounding like something a professor says.","I preferred doing this project as a group. Working with teammates meant we could talk through design decisions together, and I definitely picked up approaches I wouldn't have thought of on my own. It also just made the whole thing more manageable; splitting up the work and checking each other's queries caught mistakes faster than working solo would have. Beyond the SQL queries, it was good practice for communicating technical ideas clearly, which feels like a skill that'll matter a lot after school.
","I would let them know to take your schema design seriously from the start. The choices you make early follow you through every milestone. And always check your actual DDL before writing queries; don't assume column names. Most importantly, use your teammates. Splitting work and reviewing each other's stuff will save you more time than you'd expect."
3/18/2026 3:42:57,0,3,Agree,Neutral,Agree,Agree,Neutral,Neutral,Agree,Agree,Agree,Agree,Neutral,Agree,Agree,Agree,Neutral,Agree,Agree,6-8,"One moment that helped me better understand SQL and schema design was when I realized that the way I created tables at the beginning directly affected what I could do later. If the constraints were not set correctly or if I chose the wrong data types, the later implementation in SQL Chat would not work the way I expected. This made me understand that schema design is not just a starting step. It has a big impact on how the rest of the project functions.","The most frustrating part for me was understanding how SQL Chat actually worked. At first, I did not really understand what it was, how it connected to pgAdmin, or how the SQL code I wrote in pgAdmin was linked to the chat website. I was also confused about what it meant to “test schema” and how the 11 tasks were supposed to pass. I did not realize that some actions had to be done in SQL Chat itself until I asked the TA. The hardest part was not only writing SQL, but understanding the logic of how the whole system worked.","Before this project, I thought we would only write SQL statements in pgAdmin, create tables, alter/join tables, and run queries to get output. I did not expect that our code would actually support a working website where we could create channels, send messages, and perform different actions. That was surprising to me and made the project feel much more real. It helped me see that databases are not just code in the background, but something that can support an actual application.","I would probably say mostly yes. I think having multiple people work on the same code can be difficult, especially for a project like this where the tasks are hard to divide clearly. In many cases, one person cannot continue until another person finishes their part, so teamwork can feel inefficient. At the same time, I do have to admit that my teammate helped me a lot, and some parts were better when we discussed them together. So even though I think doing it individually might have been simpler in some ways, working with a teammate was still helpful.","I would tell future students to spend some time early on understanding how the whole project works, not just the SQL syntax. For me, one of the hardest parts was figuring out the relationship between pgAdmin, the schema, and SQL Chat, so I think it would help a lot to understand that earlier. I would also suggest asking questions as soon as you feel confused, because once you understand the workflow, the project becomes much easier and more interesting."
3/18/2026 3:44:02,1,3,Agree,Agree,Agree,Neutral,Neutral,Agree,Agree,Agree,Agree,Agree,Neutral,Agree,Neutral,Agree,Agree,Strongly Agree,Agree,2-5 (varied by milestone!),I think the SQL lab was helpful because it had divided the app functions into 10 different tasks that you had to write a query for. I also think it was helpful doing each of the 10 tasks one by one and getting to test it and getting error/status updates as to whether it worked or not!,"I'm not sure if this would be possible to change, but a frustrating part was having to re-enter all 10 queries on the SQL Lab website after some time had passed!",I got to further learn and see it first hand how the way you design your database schema could affect the front-end of an app!,"No. I enjoy working with others, and I think working in a team for this project was better because we could share our perspective/ideas and learn from one another and together!","Make sure to start each milestone early and work through it together because talking through it together allows you to think of the different aspects/approaches etc, rather than for example dividing the work by one person doing mostly the code and someone else writing, etc!"
3/18/2026 4:05:02,1,4,Strongly Agree,Strongly Agree,Strongly Agree,Strongly Agree,Agree,Strongly Agree,Strongly Agree,Strongly Agree,Agree,Strongly Agree,Agree,Strongly Agree,Strongly Agree,Strongly Agree,Agree,Strongly Agree,Strongly Agree,5,I would do trial and error SQL in my personal database to make sure the query is working before putting it in the group database that is connected to the app. I would often go back to the lecture slides to see the example problems and try applying that kind of similarity to see if the query works.,"Through the trial and error, there would often be very small mistakes that would frustrate me like an extra after a function was the reason it wasn't at first or the spelling of a function was typed incorrectly or sometimes a comma was needed but wasn't added so very small details could stop the query from working","I learned how useful queries can be, especially while designing apps, as well, because it was my first time with SQL, so I didn't know where I could apply or use it.","No, because when i was often stuck my team members would help me plus when working on milestone we would often discuss what to do which helped in understanding the instruction even what to do in some scenarios better as sometime s one of them might be confused about a certain instruction that the other team members can help with plus this project was pretty large scale and had various angles to look at i think it would be hard to complete at this pace individually with also meeting up to the standards.","Start with the milestone earlier, visit office hours and ask as many questions as needed, also work with your group members synchronously so that you have the opportunity to discuss in case you are stuck or learning together."